Castle Name,Latitude,Longitude,Google Maps Link,Wikipedia Link
Castelo de Arnoia,41.36361111,-8.05194444,"https://www.google.com/maps?q=41.36361111,-8.05194444",https://pt.wikipedia.org/wiki/Castelo_de_Arnoia
Forte da Barra de Aveiro,40.64525556,-8.73284722,"https://www.google.com/maps?q=40.64525556,-8.73284722",https://pt.wikipedia.org/wiki/Forte_da_Barra_de_Aveiro
Castelo de Moreira,41.36361111,-8.05194444,"https://www.google.com/maps?q=41.36361111,-8.05194444",https://pt.wikipedia.org/wiki/Castelo_de_Moreira
Castelo de Braga,41.55131111,-8.42383889,"https://www.google.com/maps?q=41.55131111,-8.42383889",https://pt.wikipedia.org/wiki/Castelo_de_Braga
Castelo da Gafanha,40.64525556,-8.73284722,"https://www.google.com/maps?q=40.64525556,-8.73284722",https://pt.wikipedia.org/wiki/Castelo_da_Gafanha
Castelo de Vermoim,41.42930555555556,-8.451277777777777,"https://www.google.com/maps?q=41.42930555555556,-8.451277777777777",https://pt.wikipedia.org/wiki/Castelo_de_Vermoim
Oliveira do Castelo,41.450277777778,-8.2833333333333,"https://www.google.com/maps?q=41.450277777778,-8.2833333333333",https://pt.wikipedia.org/wiki/Oliveira_do_Castelo
Castelo de Póvoa de Lanhoso,41.58694444,-8.28138889,"https://www.google.com/maps?q=41.58694444,-8.28138889",https://pt.wikipedia.org/wiki/Castelo_de_P%C3%B3voa_de_Lanhoso
Forte de Esposende,41.54305556,-8.79027778,"https://www.google.com/maps?q=41.54305556,-8.79027778",https://pt.wikipedia.org/wiki/Forte_de_Esposende
Castelo de São João Baptista,41.54305556,-8.79027778,"https://www.google.com/maps?q=41.54305556,-8.79027778",https://pt.wikipedia.org/wiki/Castelo_de_S%C3%A3o_Jo%C3%A3o_Baptista
Forte de São João Baptista de Esposende,41.54305556,-8.79027778,"https://www.google.com/maps?q=41.54305556,-8.79027778",https://pt.wikipedia.org/wiki/Forte_de_S%C3%A3o_Jo%C3%A3o_Baptista_de_Esposende
Castelo de Lanhoso,41.58694444,-8.28138889,"https://www.google.com/maps?q=41.58694444,-8.28138889",https://pt.wikipedia.org/wiki/Castelo_de_Lanhoso
Torre de Penegate,41.658797,-8.491965,"https://www.google.com/maps?q=41.658797,-8.491965",https://pt.wikipedia.org/wiki/Torre_de_Penegate
Torre de Vasconcelos,41.623748779297,-8.3555955886841,"https://www.google.com/maps?q=41.623748779297,-8.3555955886841",https://pt.wikipedia.org/wiki/Torre_de_Vasconcelos
Atalaia de Candaira,41.81728647,-6.72983239,"https://www.google.com/maps?q=41.81728647,-6.72983239",https://pt.wikipedia.org/wiki/Atalaia_de_Candaira
Castelo de Alva,41.04031913,-6.92400497,"https://www.google.com/maps?q=41.04031913,-6.92400497",https://pt.wikipedia.org/wiki/Castelo_de_Alva
Castelo de Algoso,41.461533,-6.579374,"https://www.google.com/maps?q=41.461533,-6.579374",https://pt.wikipedia.org/wiki/Castelo_de_Algoso
Atalaia da Candaira,41.81728647,-6.72983239,"https://www.google.com/maps?q=41.81728647,-6.72983239",https://pt.wikipedia.org/wiki/Atalaia_da_Candaira
Castelo de Ansiães,41.202876,-7.305461,"https://www.google.com/maps?q=41.202876,-7.305461",https://pt.wikipedia.org/wiki/Castelo_de_Ansi%C3%A3es
Castelo de Carrazeda de Ansiães,41.202876,-7.305461,"https://www.google.com/maps?q=41.202876,-7.305461",https://pt.wikipedia.org/wiki/Castelo_de_Carrazeda_de_Ansi%C3%A3es
Castelo de Bragança,41.80416667,-6.74916667,"https://www.google.com/maps?q=41.80416667,-6.74916667",https://pt.wikipedia.org/wiki/Castelo_de_Bragan%C3%A7a
Castelo de Miranda do Douro,41.496565,-6.275166,"https://www.google.com/maps?q=41.496565,-6.275166",https://pt.wikipedia.org/wiki/Castelo_de_Miranda_do_Douro
Castelo de Mogadouro,41.33805556,-6.72055556,"https://www.google.com/maps?q=41.33805556,-6.72055556",https://pt.wikipedia.org/wiki/Castelo_de_Mogadouro
Torre de Moncorvo,41.2,-7.1333333333333,"https://www.google.com/maps?q=41.2,-7.1333333333333",https://pt.wikipedia.org/wiki/Torre_de_Moncorvo
Castelo de Mós,41.159836,-6.908531,"https://www.google.com/maps?q=41.159836,-6.908531",https://pt.wikipedia.org/wiki/Castelo_de_M%C3%B3s
Castelo de Mirandela,41.48555556,-7.18277778,"https://www.google.com/maps?q=41.48555556,-7.18277778",https://pt.wikipedia.org/wiki/Castelo_de_Mirandela
Mós,41.1575,-6.9055555555556,"https://www.google.com/maps?q=41.1575,-6.9055555555556",https://pt.wikipedia.org/wiki/M%C3%B3s_(Torre_de_Moncorvo)
Castelo de Oleiros,41.301484,-6.45813,"https://www.google.com/maps?q=41.301484,-6.45813",https://pt.wikipedia.org/wiki/Castelo_de_Oleiros
Castelo de Outeiro de Miranda,41.68302,-6.591998,"https://www.google.com/maps?q=41.68302,-6.591998",https://pt.wikipedia.org/wiki/Castelo_de_Outeiro_de_Miranda
Fortaleza do Outeiro,41.68302,-6.591998,"https://www.google.com/maps?q=41.68302,-6.591998",https://pt.wikipedia.org/wiki/Fortaleza_do_Outeiro
Castelo de Rebordãos,41.75156944,-6.83666667,"https://www.google.com/maps?q=41.75156944,-6.83666667",https://pt.wikipedia.org/wiki/Castelo_de_Rebord%C3%A3os
Castelo de Penas Roias,41.392294,-6.654261,"https://www.google.com/maps?q=41.392294,-6.654261",https://pt.wikipedia.org/wiki/Castelo_de_Penas_Roias
Castelo do Tourão,41.75156944,-6.83666667,"https://www.google.com/maps?q=41.75156944,-6.83666667",https://pt.wikipedia.org/wiki/Castelo_do_Tour%C3%A3o
Torre de Moncorvo,41.2,-7.1333333333333,"https://www.google.com/maps?q=41.2,-7.1333333333333",https://pt.wikipedia.org/wiki/Torre_de_Moncorvo
Torre de Moncorvo,41.175555555556,-7.0525,"https://www.google.com/maps?q=41.175555555556,-7.0525",https://pt.wikipedia.org/wiki/Torre_de_Moncorvo_(freguesia)
Castelo de Vila Flor,41.306121,-7.151752,"https://www.google.com/maps?q=41.306121,-7.151752",https://pt.wikipedia.org/wiki/Castelo_de_Vila_Flor
Castelo de Vinhais,41.835158,-7.000196,"https://www.google.com/maps?q=41.835158,-7.000196",https://pt.wikipedia.org/wiki/Castelo_de_Vinhais
Torre do Castelo de Aguiar de Sousa,41.123935,-8.437766,"https://www.google.com/maps?q=41.123935,-8.437766",https://pt.wikipedia.org/wiki/Torre_do_Castelo_de_Aguiar_de_Sousa
Castelo de Gaia,41.139823,-8.624503,"https://www.google.com/maps?q=41.139823,-8.624503",https://pt.wikipedia.org/wiki/Castelo_de_Gaia
Forte de Leça da Palmeira,41.18761111,-8.702275,"https://www.google.com/maps?q=41.18761111,-8.702275",https://pt.wikipedia.org/wiki/Forte_de_Le%C3%A7a_da_Palmeira
Forte de Nossa Senhora das Neves,41.18761111,-8.702275,"https://www.google.com/maps?q=41.18761111,-8.702275",https://pt.wikipedia.org/wiki/Forte_de_Nossa_Senhora_das_Neves
Forte de Nossa Senhora da Assunção,41.34176389,-8.75183611,"https://www.google.com/maps?q=41.34176389,-8.75183611",https://pt.wikipedia.org/wiki/Forte_de_Nossa_Senhora_da_Assun%C3%A7%C3%A3o
Castelo de Matosinhos,41.18761111,-8.702275,"https://www.google.com/maps?q=41.18761111,-8.702275",https://pt.wikipedia.org/wiki/Castelo_de_Matosinhos
Torre dos Alcoforados,41.24747,-8.409916,"https://www.google.com/maps?q=41.24747,-8.409916",https://pt.wikipedia.org/wiki/Torre_dos_Alcoforados
Muralha Primitiva,41.14309722,-8.61046944,"https://www.google.com/maps?q=41.14309722,-8.61046944",https://pt.wikipedia.org/wiki/Muralha_Primitiva
Muralhas do Porto,41.142618,-8.611368,"https://www.google.com/maps?q=41.142618,-8.611368",https://pt.wikipedia.org/wiki/Muralhas_do_Porto
Muralha Fernandina do Porto,41.142591,-8.611361,"https://www.google.com/maps?q=41.142591,-8.611361",https://pt.wikipedia.org/wiki/Muralha_Fernandina_do_Porto
Distrito de Viana do Castelo,41.695,-8.83,"https://www.google.com/maps?q=41.695,-8.83",https://pt.wikipedia.org/wiki/Distrito_de_Viana_do_Castelo
Fortim da Atalaia,41.9458333333333,-8.73694444444445,"https://www.google.com/maps?q=41.9458333333333,-8.73694444444445",https://pt.wikipedia.org/wiki/Fortim_da_Atalaia
Atalaia de Lovelhe,41.9458333333333,-8.73694444444445,"https://www.google.com/maps?q=41.9458333333333,-8.73694444444445",https://pt.wikipedia.org/wiki/Atalaia_de_Lovelhe
Castelo de Lindoso,41.86694444,-8.19916667,"https://www.google.com/maps?q=41.86694444,-8.19916667",https://pt.wikipedia.org/wiki/Castelo_de_Lindoso
Castelo de Castro Laboreiro,42.02293056,-8.15824722,"https://www.google.com/maps?q=42.02293056,-8.15824722",https://pt.wikipedia.org/wiki/Castelo_de_Castro_Laboreiro
Castelo de Curutelo,41.653241,-8.605282,"https://www.google.com/maps?q=41.653241,-8.605282",https://pt.wikipedia.org/wiki/Castelo_de_Curutelo
Bateria da Mata,41.9458333333333,-8.73694444444445,"https://www.google.com/maps?q=41.9458333333333,-8.73694444444445",https://pt.wikipedia.org/wiki/Bateria_da_Mata
Castelo de Castro Laboredo,42.02293056,-8.15824722,"https://www.google.com/maps?q=42.02293056,-8.15824722",https://pt.wikipedia.org/wiki/Castelo_de_Castro_Laboredo
Castelo de Monção,42.078664,-8.480006,"https://www.google.com/maps?q=42.078664,-8.480006",https://pt.wikipedia.org/wiki/Castelo_de_Mon%C3%A7%C3%A3o
Castelo de Portuzelo,41.701994,-8.785297,"https://www.google.com/maps?q=41.701994,-8.785297",https://pt.wikipedia.org/wiki/Castelo_de_Portuzelo
Castelo do Neiva,41.624444444444,-8.795,"https://www.google.com/maps?q=41.624444444444,-8.795",https://pt.wikipedia.org/wiki/Castelo_do_Neiva
Castelo de Vila Nova de Cerveira,41.94055556,-8.74472222,"https://www.google.com/maps?q=41.94055556,-8.74472222",https://pt.wikipedia.org/wiki/Castelo_de_Vila_Nova_de_Cerveira
Viana do Castelo,41.7,-8.8333333333333,"https://www.google.com/maps?q=41.7,-8.8333333333333",https://pt.wikipedia.org/wiki/Viana_do_Castelo
Viana do Castelo,41.7,-8.8333333333333,"https://www.google.com/maps?q=41.7,-8.8333333333333",https://pt.wikipedia.org/wiki/Viana_do_Castelo
Viana do Castelo,41.7,-8.8333333333333,"https://www.google.com/maps?q=41.7,-8.8333333333333",https://pt.wikipedia.org/wiki/Viana_do_Castelo
Castelo do Neiva,41.624444444444,-8.795,"https://www.google.com/maps?q=41.624444444444,-8.795",https://pt.wikipedia.org/wiki/Castelo_do_Neiva
Forte da Areosa,41.69983333,-8.85591667,"https://www.google.com/maps?q=41.69983333,-8.85591667",https://pt.wikipedia.org/wiki/Forte_da_Areosa
Forte da Ínsua,41.85916667,-8.87472222,"https://www.google.com/maps?q=41.85916667,-8.87472222",https://pt.wikipedia.org/wiki/Forte_da_%C3%8Dnsua
Viana do Castelo,41.7,-8.8333333333333,"https://www.google.com/maps?q=41.7,-8.8333333333333",https://pt.wikipedia.org/wiki/Viana_do_Castelo
Forte da Vinha,41.69983333,-8.85591667,"https://www.google.com/maps?q=41.69983333,-8.85591667",https://pt.wikipedia.org/wiki/Forte_da_Vinha
Viana do Castelo,41.7,-8.8333333333333,"https://www.google.com/maps?q=41.7,-8.8333333333333",https://pt.wikipedia.org/wiki/Viana_do_Castelo
Forte de São Francisco de Lovelhe,41.951749,-8.742041,"https://www.google.com/maps?q=41.951749,-8.742041",https://pt.wikipedia.org/wiki/Forte_de_S%C3%A3o_Francisco_de_Lovelhe
Viana do Castelo,41.7,-8.8333333333333,"https://www.google.com/maps?q=41.7,-8.8333333333333",https://pt.wikipedia.org/wiki/Viana_do_Castelo
Forte do Cão,41.797679,-8.873923,"https://www.google.com/maps?q=41.797679,-8.873923",https://pt.wikipedia.org/wiki/Forte_do_C%C3%A3o
Muralhas de Ponte de Lima,41.768048,-8.584524,"https://www.google.com/maps?q=41.768048,-8.584524",https://pt.wikipedia.org/wiki/Muralhas_de_Ponte_de_Lima
Monserrate,41.692222222222,-8.8413888888889,"https://www.google.com/maps?q=41.692222222222,-8.8413888888889",https://pt.wikipedia.org/wiki/Monserrate_(Viana_do_Castelo)
Praça-forte de Valença,42.032545,-8.645144,"https://www.google.com/maps?q=42.032545,-8.645144",https://pt.wikipedia.org/wiki/Pra%C3%A7a-forte_de_Valen%C3%A7a
Forte de Azevedo,41.951749,-8.742041,"https://www.google.com/maps?q=41.951749,-8.742041",https://pt.wikipedia.org/wiki/Forte_de_Azevedo
Torre de Lapela,42.05644444,-8.53805556,"https://www.google.com/maps?q=42.05644444,-8.53805556",https://pt.wikipedia.org/wiki/Torre_de_Lapela
Torre de Refóios,41.79111111,-8.54555556,"https://www.google.com/maps?q=41.79111111,-8.54555556",https://pt.wikipedia.org/wiki/Torre_de_Ref%C3%B3ios
Castelo da Piconha,41.892408,-7.866286,"https://www.google.com/maps?q=41.892408,-7.866286",https://pt.wikipedia.org/wiki/Castelo_da_Piconha
Forte de Lovelhe,41.951749,-8.742041,"https://www.google.com/maps?q=41.951749,-8.742041",https://pt.wikipedia.org/wiki/Forte_de_Lovelhe
Castelo de Chaves,41.73944444,-7.47166667,"https://www.google.com/maps?q=41.73944444,-7.47166667",https://pt.wikipedia.org/wiki/Castelo_de_Chaves
Castelo de Monforte,41.762258333333,-7.3561055555556,"https://www.google.com/maps?q=41.762258333333,-7.3561055555556",https://pt.wikipedia.org/wiki/Castelo_de_Monforte_(Chaves)
Castelo de Montalegre,41.826,-7.791,"https://www.google.com/maps?q=41.826,-7.791",https://pt.wikipedia.org/wiki/Castelo_de_Montalegre
Castelo de Pena de Aguiar,41.46944444,-7.68027778,"https://www.google.com/maps?q=41.46944444,-7.68027778",https://pt.wikipedia.org/wiki/Castelo_de_Pena_de_Aguiar
Castelo do Mau Vizinho,41.8170585632324,-7.2331428527832,"https://www.google.com/maps?q=41.8170585632324,-7.2331428527832",https://pt.wikipedia.org/wiki/Castelo_do_Mau_Vizinho_(Vila_Real)
Castelo de Santo Estêvão,41.75904,-7.419558,"https://www.google.com/maps?q=41.75904,-7.419558",https://pt.wikipedia.org/wiki/Castelo_de_Santo_Est%C3%AAv%C3%A3o
Forte de São Francisco de Chaves,41.742904663086,-7.4691658020019,"https://www.google.com/maps?q=41.742904663086,-7.4691658020019",https://pt.wikipedia.org/wiki/Forte_de_S%C3%A3o_Francisco_de_Chaves
Forte de São Neutel,41.749797222222,-7.4677777777778,"https://www.google.com/maps?q=41.749797222222,-7.4677777777778",https://pt.wikipedia.org/wiki/Forte_de_S%C3%A3o_Neutel
Castelo de Aguiar da Pena,41.46944444,-7.68027778,"https://www.google.com/maps?q=41.46944444,-7.68027778",https://pt.wikipedia.org/wiki/Castelo_de_Aguiar_da_Pena
Forte de Nossa Senhora do Rosário,41.742904663086,-7.4691658020019,"https://www.google.com/maps?q=41.742904663086,-7.4691658020019",https://pt.wikipedia.org/wiki/Forte_de_Nossa_Senhora_do_Ros%C3%A1rio
Torre de Quintela,41.297316,-7.780486,"https://www.google.com/maps?q=41.297316,-7.780486",https://pt.wikipedia.org/wiki/Torre_de_Quintela
Castelo de Penedono,40.99,-7.393888888888889,"https://www.google.com/maps?q=40.99,-7.393888888888889",https://pt.wikipedia.org/wiki/Castelo_de_Penedono
Castelo de Sernancelhe,40.90064,-7.49456,"https://www.google.com/maps?q=40.90064,-7.49456",https://pt.wikipedia.org/wiki/Castelo_de_Sernancelhe
Torre de Ucanha,41.048444,-7.74729,"https://www.google.com/maps?q=41.048444,-7.74729",https://pt.wikipedia.org/wiki/Torre_de_Ucanha
Distrito de Castelo Branco,39.824,-7.492,"https://www.google.com/maps?q=39.824,-7.492",https://pt.wikipedia.org/wiki/Distrito_de_Castelo_Branco
Castelo do Magriço,40.99,-7.393888888888889,"https://www.google.com/maps?q=40.99,-7.393888888888889",https://pt.wikipedia.org/wiki/Castelo_do_Magri%C3%A7o
Castelo da Sertã,39.80656,-8.099464,"https://www.google.com/maps?q=39.80656,-8.099464",https://pt.wikipedia.org/wiki/Castelo_da_Sert%C3%A3
Castelo de Belmonte,40.35916667,-7.34833333,"https://www.google.com/maps?q=40.35916667,-7.34833333",https://pt.wikipedia.org/wiki/Castelo_de_Belmonte
Castelo de Castelo Branco,39.825456,-7.496133,"https://www.google.com/maps?q=39.825456,-7.496133",https://pt.wikipedia.org/wiki/Castelo_de_Castelo_Branco
Castelo da Covilhã,40.281078338623,-7.50792598724365,"https://www.google.com/maps?q=40.281078338623,-7.50792598724365",https://pt.wikipedia.org/wiki/Castelo_da_Covilh%C3%A3
Castelo Branco,39.82277777777778,-7.493055555555555,"https://www.google.com/maps?q=39.82277777777778,-7.493055555555555",https://pt.wikipedia.org/wiki/Castelo_Branco
Castelo Branco,39.82332,-7.52194,"https://www.google.com/maps?q=39.82332,-7.52194",https://pt.wikipedia.org/wiki/Castelo_Branco_(freguesia)
Castelo de Castelo Novo,40.07796667,-7.49625,"https://www.google.com/maps?q=40.07796667,-7.49625",https://pt.wikipedia.org/wiki/Castelo_de_Castelo_Novo
Castelo Novo,40.076666666667,-7.495,"https://www.google.com/maps?q=40.076666666667,-7.495",https://pt.wikipedia.org/wiki/Castelo_Novo
Castelo de Idanha-a-Nova,39.9199180603027,-7.23664617538452,"https://www.google.com/maps?q=39.9199180603027,-7.23664617538452",https://pt.wikipedia.org/wiki/Castelo_de_Idanha-a-Nova
Castelo de Idanha-a-Velha,39.99555556,-7.14388889,"https://www.google.com/maps?q=39.99555556,-7.14388889",https://pt.wikipedia.org/wiki/Castelo_de_Idanha-a-Velha
Castelo de Monsanto,40.03555556,-7.11388889,"https://www.google.com/maps?q=40.03555556,-7.11388889",https://pt.wikipedia.org/wiki/Castelo_de_Monsanto
Castelo de Penamacor,40.16694444,-7.16583333,"https://www.google.com/maps?q=40.16694444,-7.16583333",https://pt.wikipedia.org/wiki/Castelo_de_Penamacor
Castelo de Proença-a-Velha,40.02583333,-7.23833333,"https://www.google.com/maps?q=40.02583333,-7.23833333",https://pt.wikipedia.org/wiki/Castelo_de_Proen%C3%A7a-a-Velha
Castelo de Penha Garcia,40.043186187744,-7.0157208442688,"https://www.google.com/maps?q=40.043186187744,-7.0157208442688",https://pt.wikipedia.org/wiki/Castelo_de_Penha_Garcia
Castelo de Ródão,39.6474,-7.690158,"https://www.google.com/maps?q=39.6474,-7.690158",https://pt.wikipedia.org/wiki/Castelo_de_R%C3%B3d%C3%A3o
Castelo de Salvaterra do Extremo,39.882495880127,-6.91448879241943,"https://www.google.com/maps?q=39.882495880127,-6.91448879241943",https://pt.wikipedia.org/wiki/Castelo_de_Salvaterra_do_Extremo
Fortaleza de Penamacor,40.16694444,-7.16583333,"https://www.google.com/maps?q=40.16694444,-7.16583333",https://pt.wikipedia.org/wiki/Fortaleza_de_Penamacor
Castelo de Segura,39.82656,-6.980008,"https://www.google.com/maps?q=39.82656,-6.980008",https://pt.wikipedia.org/wiki/Castelo_de_Segura
Castelo do Rei Vamba,39.6474,-7.690158,"https://www.google.com/maps?q=39.6474,-7.690158",https://pt.wikipedia.org/wiki/Castelo_do_Rei_Vamba
Forte de Ponte de Alvito,39.799219,-7.76523,"https://www.google.com/maps?q=39.799219,-7.76523",https://pt.wikipedia.org/wiki/Forte_de_Ponte_de_Alvito
Torre de Centum Cellas,40.377665,-7.34273,"https://www.google.com/maps?q=40.377665,-7.34273",https://pt.wikipedia.org/wiki/Torre_de_Centum_Cellas
Colmeal da Torre,40.385,-7.3325,"https://www.google.com/maps?q=40.385,-7.3325",https://pt.wikipedia.org/wiki/Colmeal_da_Torre
Castelo da Lousã,40.100405,-8.235424,"https://www.google.com/maps?q=40.100405,-8.235424",https://pt.wikipedia.org/wiki/Castelo_da_Lous%C3%A3
Fortaleza de Segura,39.82656,-6.980008,"https://www.google.com/maps?q=39.82656,-6.980008",https://pt.wikipedia.org/wiki/Fortaleza_de_Segura
Castelo de Avô,40.293133,-7.904417,"https://www.google.com/maps?q=40.293133,-7.904417",https://pt.wikipedia.org/wiki/Castelo_de_Av%C3%B4
Castelo de Germanelo,40.026208,-8.430253,"https://www.google.com/maps?q=40.026208,-8.430253",https://pt.wikipedia.org/wiki/Castelo_de_Germanelo
Castelo de Arouce,40.100405,-8.235424,"https://www.google.com/maps?q=40.100405,-8.235424",https://pt.wikipedia.org/wiki/Castelo_de_Arouce
Torre de São Cornélio,40.377665,-7.34273,"https://www.google.com/maps?q=40.377665,-7.34273",https://pt.wikipedia.org/wiki/Torre_de_S%C3%A3o_Corn%C3%A9lio
Castelo de Penacova,40.26666667,-8.26666667,"https://www.google.com/maps?q=40.26666667,-8.26666667",https://pt.wikipedia.org/wiki/Castelo_de_Penacova
Castelo de Montemor-o-Velho,40.174942,-8.684181,"https://www.google.com/maps?q=40.174942,-8.684181",https://pt.wikipedia.org/wiki/Castelo_de_Montemor-o-Velho
Castelo de Penela,40.031211,-8.390519,"https://www.google.com/maps?q=40.031211,-8.390519",https://pt.wikipedia.org/wiki/Castelo_de_Penela
Castelo de Soure,40.056947,-8.626103,"https://www.google.com/maps?q=40.056947,-8.626103",https://pt.wikipedia.org/wiki/Castelo_de_Soure
Torre de Anto,40.209864,-8.428349,"https://www.google.com/maps?q=40.209864,-8.428349",https://pt.wikipedia.org/wiki/Torre_de_Anto
Forte de Santa Catarina,40.148035,-8.866312,"https://www.google.com/maps?q=40.148035,-8.866312",https://pt.wikipedia.org/wiki/Forte_de_Santa_Catarina
Torre de Redondos,40.166815,-8.877056,"https://www.google.com/maps?q=40.166815,-8.877056",https://pt.wikipedia.org/wiki/Torre_de_Redondos
Castelo da Guarda,40.5375,-7.27166667,"https://www.google.com/maps?q=40.5375,-7.27166667",https://pt.wikipedia.org/wiki/Castelo_da_Guarda
Castelo da Mêda,40.963156,-7.264006,"https://www.google.com/maps?q=40.963156,-7.264006",https://pt.wikipedia.org/wiki/Castelo_da_M%C3%AAda
Castelo de Redondos,40.166815,-8.877056,"https://www.google.com/maps?q=40.166815,-8.877056",https://pt.wikipedia.org/wiki/Castelo_de_Redondos
Castelo Bom,40.620277777778,-6.9005555555556,"https://www.google.com/maps?q=40.620277777778,-6.9005555555556",https://pt.wikipedia.org/wiki/Castelo_Bom
Castelo Melhor,41.026066,-7.064812,"https://www.google.com/maps?q=41.026066,-7.064812",https://pt.wikipedia.org/wiki/Castelo_Melhor
Castelo Rodrigo,40.875555555556,-6.9638888888889,"https://www.google.com/maps?q=40.875555555556,-6.9638888888889",https://pt.wikipedia.org/wiki/Castelo_Rodrigo
Castelo de Folgosinho,40.51102778,-7.51216667,"https://www.google.com/maps?q=40.51102778,-7.51216667",https://pt.wikipedia.org/wiki/Castelo_de_Folgosinho
Castelo de Celorico da Beira,40.63583333,-7.39333333,"https://www.google.com/maps?q=40.63583333,-7.39333333",https://pt.wikipedia.org/wiki/Castelo_de_Celorico_da_Beira
Figueira de Castelo Rodrigo,40.9,-6.9666666666667,"https://www.google.com/maps?q=40.9,-6.9666666666667",https://pt.wikipedia.org/wiki/Figueira_de_Castelo_Rodrigo
Castelo de Linhares,40.54138889,-7.46111111,"https://www.google.com/maps?q=40.54138889,-7.46111111",https://pt.wikipedia.org/wiki/Castelo_de_Linhares
Castelo de Longroiva,40.96388889,-7.20861111,"https://www.google.com/maps?q=40.96388889,-7.20861111",https://pt.wikipedia.org/wiki/Castelo_de_Longroiva
Castelo Mendo,40.594193,-6.951385,"https://www.google.com/maps?q=40.594193,-6.951385",https://pt.wikipedia.org/wiki/Castelo_Mendo
Castelo de Marialva,40.91348,-7.231564,"https://www.google.com/maps?q=40.91348,-7.231564",https://pt.wikipedia.org/wiki/Castelo_de_Marialva
Castelo de Moreira de Rei,40.82817778,-7.32062778,"https://www.google.com/maps?q=40.82817778,-7.32062778",https://pt.wikipedia.org/wiki/Castelo_de_Moreira_de_Rei
Figueira de Castelo Rodrigo,40.9,-6.9666666666667,"https://www.google.com/maps?q=40.9,-6.9666666666667",https://pt.wikipedia.org/wiki/Figueira_de_Castelo_Rodrigo
Castelo de Numão,41.09972222,-7.29,"https://www.google.com/maps?q=41.09972222,-7.29",https://pt.wikipedia.org/wiki/Castelo_de_Num%C3%A3o
Castelo de Ranhados,40.993519,-7.331245,"https://www.google.com/maps?q=40.993519,-7.331245",https://pt.wikipedia.org/wiki/Castelo_de_Ranhados
Castelo de Sortelha,40.32916667,-7.21694444,"https://www.google.com/maps?q=40.32916667,-7.21694444",https://pt.wikipedia.org/wiki/Castelo_de_Sortelha
Colmeal,40.855502,-7.015113,"https://www.google.com/maps?q=40.855502,-7.015113",https://pt.wikipedia.org/wiki/Colmeal_(Figueira_de_Castelo_Rodrigo)
Torre do Terrenho,40.888888888889,-7.3594444444444,"https://www.google.com/maps?q=40.888888888889,-7.3594444444444",https://pt.wikipedia.org/wiki/Torre_do_Terrenho
Castelo de Trancoso,40.77916667,-7.3475,"https://www.google.com/maps?q=40.77916667,-7.3475",https://pt.wikipedia.org/wiki/Castelo_de_Trancoso
Castelo de Vila do Touro,40.4182739257813,-7.10652494430542,"https://www.google.com/maps?q=40.4182739257813,-7.10652494430542",https://pt.wikipedia.org/wiki/Castelo_de_Vila_do_Touro
Praça-forte de Almeida,40.72585,-6.90583333,"https://www.google.com/maps?q=40.72585,-6.90583333",https://pt.wikipedia.org/wiki/Pra%C3%A7a-forte_de_Almeida
Figueira de Castelo Rodrigo,40.9,-6.9666666666667,"https://www.google.com/maps?q=40.9,-6.9666666666667",https://pt.wikipedia.org/wiki/Figueira_de_Castelo_Rodrigo
Torre dos Metelos,40.775676,-7.066545,"https://www.google.com/maps?q=40.775676,-7.066545",https://pt.wikipedia.org/wiki/Torre_dos_Metelos
Figueira de Castelo Rodrigo,40.9,-6.9666666666667,"https://www.google.com/maps?q=40.9,-6.9666666666667",https://pt.wikipedia.org/wiki/Figueira_de_Castelo_Rodrigo
Castelo de Leiria,39.747,-8.81,"https://www.google.com/maps?q=39.747,-8.81",https://pt.wikipedia.org/wiki/Castelo_de_Leiria
Castelo de Pombal,39.91392778,-8.62473611,"https://www.google.com/maps?q=39.91392778,-8.62473611",https://pt.wikipedia.org/wiki/Castelo_de_Pombal
Castelo de Porto de Mós,39.60333333,-8.81861111,"https://www.google.com/maps?q=39.60333333,-8.81861111",https://pt.wikipedia.org/wiki/Castelo_de_Porto_de_M%C3%B3s
Penalva do Castelo,40.666666666667,-7.6833333333333,"https://www.google.com/maps?q=40.666666666667,-7.6833333333333",https://pt.wikipedia.org/wiki/Penalva_do_Castelo
Castelo de Ferreira de Aves,40.798598,-7.689749,"https://www.google.com/maps?q=40.798598,-7.689749",https://pt.wikipedia.org/wiki/Castelo_de_Ferreira_de_Aves
Castelo de Penalva,40.65788,-7.65421,"https://www.google.com/maps?q=40.65788,-7.65421",https://pt.wikipedia.org/wiki/Castelo_de_Penalva
Muralhas de Viseu,40.659497,-7.912669,"https://www.google.com/maps?q=40.659497,-7.912669",https://pt.wikipedia.org/wiki/Muralhas_de_Viseu
Torre de Alcofra,40.631476,-8.194317,"https://www.google.com/maps?q=40.631476,-8.194317",https://pt.wikipedia.org/wiki/Torre_de_Alcofra
Torre de Vilharigues,40.71552,-8.129511,"https://www.google.com/maps?q=40.71552,-8.129511",https://pt.wikipedia.org/wiki/Torre_de_Vilharigues
Torre de Ferreira de Aves,40.798598,-7.689749,"https://www.google.com/maps?q=40.798598,-7.689749",https://pt.wikipedia.org/wiki/Torre_de_Ferreira_de_Aves
Castelo de Pirescoxe,38.837079,-9.091679,"https://www.google.com/maps?q=38.837079,-9.091679",https://pt.wikipedia.org/wiki/Castelo_de_Pirescoxe
Bateria Alta da Água Doce,38.72825,-9.476167,"https://www.google.com/maps?q=38.72825,-9.476167",https://pt.wikipedia.org/wiki/Bateria_Alta_da_%C3%81gua_Doce
Castelo de Vilharigues,40.71552,-8.129511,"https://www.google.com/maps?q=40.71552,-8.129511",https://pt.wikipedia.org/wiki/Castelo_de_Vilharigues
Castelo,38.713611111111,-9.1333333333333,"https://www.google.com/maps?q=38.713611111111,-9.1333333333333",https://pt.wikipedia.org/wiki/Castelo_(Lisboa)
Castelo de São Jorge,38.71389,-9.13333,"https://www.google.com/maps?q=38.71389,-9.13333",https://pt.wikipedia.org/wiki/Castelo_de_S%C3%A3o_Jorge
Castelo de Sintra,38.79254167,-9.38959722,"https://www.google.com/maps?q=38.79254167,-9.38959722",https://pt.wikipedia.org/wiki/Castelo_de_Sintra
Cidadela de Cascais,38.693917,-9.419476,"https://www.google.com/maps?q=38.693917,-9.419476",https://pt.wikipedia.org/wiki/Cidadela_de_Cascais
Forte de Monsanto,38.734008,-9.189761,"https://www.google.com/maps?q=38.734008,-9.189761",https://pt.wikipedia.org/wiki/Forte_de_Monsanto
Forte de Crismina,38.72277778,-9.47833333,"https://www.google.com/maps?q=38.72277778,-9.47833333",https://pt.wikipedia.org/wiki/Forte_de_Crismina
Forte da Ameixoeira,38.786497,-9.152016,"https://www.google.com/maps?q=38.786497,-9.152016",https://pt.wikipedia.org/wiki/Forte_da_Ameixoeira
Forte de D. Carlos I,38.786497,-9.152016,"https://www.google.com/maps?q=38.786497,-9.152016",https://pt.wikipedia.org/wiki/Forte_de_D._Carlos_I
Forte da Cresmina,38.72277778,-9.47833333,"https://www.google.com/maps?q=38.72277778,-9.47833333",https://pt.wikipedia.org/wiki/Forte_da_Cresmina
Forte de Nossa Senhora da Conceição,38.700837,-9.413432,"https://www.google.com/maps?q=38.700837,-9.413432",https://pt.wikipedia.org/wiki/Forte_de_Nossa_Senhora_da_Concei%C3%A7%C3%A3o
Forte do Marquês de Sá da Bandeira,38.734008,-9.189761,"https://www.google.com/maps?q=38.734008,-9.189761",https://pt.wikipedia.org/wiki/Forte_do_Marqu%C3%AAs_de_S%C3%A1_da_Bandeira
Forte de Nossa Senhora das Mercês de Catalazete,38.677929,-9.317561,"https://www.google.com/maps?q=38.677929,-9.317561",https://pt.wikipedia.org/wiki/Forte_de_Nossa_Senhora_das_Merc%C3%AAs_de_Catalazete
Forte de Nossa Senhora da Guia,38.695258,-9.45238,"https://www.google.com/maps?q=38.695258,-9.45238",https://pt.wikipedia.org/wiki/Forte_de_Nossa_Senhora_da_Guia
Forte Novo das Mercês,38.677929,-9.317561,"https://www.google.com/maps?q=38.677929,-9.317561",https://pt.wikipedia.org/wiki/Forte_Novo_das_Merc%C3%AAs
Bateria do Catalazete,38.677929,-9.317561,"https://www.google.com/maps?q=38.677929,-9.317561",https://pt.wikipedia.org/wiki/Bateria_do_Catalazete
Forte de Nossa Senhora da Natividade,38.965432,-9.419283,"https://www.google.com/maps?q=38.965432,-9.419283",https://pt.wikipedia.org/wiki/Forte_de_Nossa_Senhora_da_Natividade
Forte do Catalazete,38.677929,-9.317561,"https://www.google.com/maps?q=38.677929,-9.317561",https://pt.wikipedia.org/wiki/Forte_do_Catalazete
Forte de Sacavém,38.79583333,-9.1015,"https://www.google.com/maps?q=38.79583333,-9.1015",https://pt.wikipedia.org/wiki/Forte_de_Sacav%C3%A9m
Forte de Santa Apolónia,38.723543,-9.116993,"https://www.google.com/maps?q=38.723543,-9.116993",https://pt.wikipedia.org/wiki/Forte_de_Santa_Apol%C3%B3nia
Forte da Ponta do Guincho,38.697392,-9.282547,"https://www.google.com/maps?q=38.697392,-9.282547",https://pt.wikipedia.org/wiki/Forte_da_Ponta_do_Guincho
Forte de Nossa Senhora de Porto Salvo,38.697392,-9.282547,"https://www.google.com/maps?q=38.697392,-9.282547",https://pt.wikipedia.org/wiki/Forte_de_Nossa_Senhora_de_Porto_Salvo
Forte da Giribita,38.697392,-9.282547,"https://www.google.com/maps?q=38.697392,-9.282547",https://pt.wikipedia.org/wiki/Forte_da_Giribita
Reduto do Monte-Cintra,38.79583333,-9.1015,"https://www.google.com/maps?q=38.79583333,-9.1015",https://pt.wikipedia.org/wiki/Reduto_do_Monte-Cintra
Forte de Santa Marta,38.69041667,-9.42102778,"https://www.google.com/maps?q=38.69041667,-9.42102778",https://pt.wikipedia.org/wiki/Forte_de_Santa_Marta
Reduto do Monte-Sintra,38.79583333,-9.1015,"https://www.google.com/maps?q=38.79583333,-9.1015",https://pt.wikipedia.org/wiki/Reduto_do_Monte-Sintra
Forte de Santo Amaro do rio de Oeiras,38.681273,-9.314903,"https://www.google.com/maps?q=38.681273,-9.314903",https://pt.wikipedia.org/wiki/Forte_de_Santo_Amaro_do_rio_de_Oeiras
Baluarte de Santa Apolónia,38.723543,-9.116993,"https://www.google.com/maps?q=38.723543,-9.116993",https://pt.wikipedia.org/wiki/Baluarte_de_Santa_Apol%C3%B3nia
Bateria do Manique,38.723543,-9.116993,"https://www.google.com/maps?q=38.723543,-9.116993",https://pt.wikipedia.org/wiki/Bateria_do_Manique
Forte de Santo António da Barra,38.698422,-9.384041,"https://www.google.com/maps?q=38.698422,-9.384041",https://pt.wikipedia.org/wiki/Forte_de_Santo_Ant%C3%B3nio_da_Barra
Forte do Areeiro,38.681273,-9.314903,"https://www.google.com/maps?q=38.681273,-9.314903",https://pt.wikipedia.org/wiki/Forte_do_Areeiro
Forte de Santo Amaro do Areeiro,38.681273,-9.314903,"https://www.google.com/maps?q=38.681273,-9.314903",https://pt.wikipedia.org/wiki/Forte_de_Santo_Amaro_do_Areeiro
Forte de Santo António do Estoril,38.698422,-9.384041,"https://www.google.com/maps?q=38.698422,-9.384041",https://pt.wikipedia.org/wiki/Forte_de_Santo_Ant%C3%B3nio_do_Estoril
Forte de São Jorge de Oitavos,38.69972222,-9.46833333,"https://www.google.com/maps?q=38.69972222,-9.46833333",https://pt.wikipedia.org/wiki/Forte_de_S%C3%A3o_Jorge_de_Oitavos
Forte de São João das Maias,38.68527778,-9.30444444,"https://www.google.com/maps?q=38.68527778,-9.30444444",https://pt.wikipedia.org/wiki/Forte_de_S%C3%A3o_Jo%C3%A3o_das_Maias
Forte de Oitavos,38.69972222,-9.46833333,"https://www.google.com/maps?q=38.69972222,-9.46833333",https://pt.wikipedia.org/wiki/Forte_de_Oitavos
Forte das Maias,38.68527778,-9.30444444,"https://www.google.com/maps?q=38.68527778,-9.30444444",https://pt.wikipedia.org/wiki/Forte_das_Maias
Forte de São Pedro do Estoril,38.702247,-9.393283,"https://www.google.com/maps?q=38.702247,-9.393283",https://pt.wikipedia.org/wiki/Forte_de_S%C3%A3o_Pedro_do_Estoril
Forte da Ericeira,38.983729,-9.420555,"https://www.google.com/maps?q=38.983729,-9.420555",https://pt.wikipedia.org/wiki/Forte_da_Ericeira
Forte de São Pedro da Ericeira,38.983729,-9.420555,"https://www.google.com/maps?q=38.983729,-9.420555",https://pt.wikipedia.org/wiki/Forte_de_S%C3%A3o_Pedro_da_Ericeira
Forte do Milreu,38.983729,-9.420555,"https://www.google.com/maps?q=38.983729,-9.420555",https://pt.wikipedia.org/wiki/Forte_do_Milreu
Forte do Alto do Duque,38.703777777778,-9.2221388888889,"https://www.google.com/maps?q=38.703777777778,-9.2221388888889",https://pt.wikipedia.org/wiki/Forte_do_Alto_do_Duque
Forte do Bom Sucesso,38.693086,-9.218441,"https://www.google.com/maps?q=38.693086,-9.218441",https://pt.wikipedia.org/wiki/Forte_do_Bom_Sucesso
Forte Novo,38.690618,-9.429739,"https://www.google.com/maps?q=38.690618,-9.429739",https://pt.wikipedia.org/wiki/Forte_Novo
Forte do Zambujal,38.949413,-9.389486,"https://www.google.com/maps?q=38.949413,-9.389486",https://pt.wikipedia.org/wiki/Forte_do_Zambujal
Forte da Poça,38.702247,-9.393283,"https://www.google.com/maps?q=38.702247,-9.393283",https://pt.wikipedia.org/wiki/Forte_da_Po%C3%A7a
Torre de São Vicente de Belém,38.691388888889,-9.2158333333333,"https://www.google.com/maps?q=38.691388888889,-9.2158333333333",https://pt.wikipedia.org/wiki/Torre_de_S%C3%A3o_Vicente_de_Bel%C3%A9m
Torre de Belém,38.691388888889,-9.2158333333333,"https://www.google.com/maps?q=38.691388888889,-9.2158333333333",https://pt.wikipedia.org/wiki/Torre_de_Bel%C3%A9m
Baluarte do Restelo,38.691388888889,-9.2158333333333,"https://www.google.com/maps?q=38.691388888889,-9.2158333333333",https://pt.wikipedia.org/wiki/Baluarte_do_Restelo
Baluarte de São Vicente a par de Belém,38.691388888889,-9.2158333333333,"https://www.google.com/maps?q=38.691388888889,-9.2158333333333",https://pt.wikipedia.org/wiki/Baluarte_de_S%C3%A3o_Vicente_a_par_de_Bel%C3%A9m
Castelo de Óbidos,39.364167,-9.157646,"https://www.google.com/maps?q=39.364167,-9.157646",https://pt.wikipedia.org/wiki/Castelo_de_%C3%93bidos
Castelo de Alcobaça,39.55055556,-8.98222222,"https://www.google.com/maps?q=39.55055556,-8.98222222",https://pt.wikipedia.org/wiki/Castelo_de_Alcoba%C3%A7a
Castelo de Torres Vedras,39.09472222,-9.26111111,"https://www.google.com/maps?q=39.09472222,-9.26111111",https://pt.wikipedia.org/wiki/Castelo_de_Torres_Vedras
Torres Vedras,39.083333333333,-9.2666666666667,"https://www.google.com/maps?q=39.083333333333,-9.2666666666667",https://pt.wikipedia.org/wiki/Torres_Vedras
Castelo de Atouguia da Baleia,39.340012,-9.32533,"https://www.google.com/maps?q=39.340012,-9.32533",https://pt.wikipedia.org/wiki/Castelo_de_Atouguia_da_Baleia
Santa Maria do Castelo e São Miguel,39.10864,-9.23907,"https://www.google.com/maps?q=39.10864,-9.23907",https://pt.wikipedia.org/wiki/Santa_Maria_do_Castelo_e_S%C3%A3o_Miguel
Castelo de Alfeizerão,39.5002555847168,-9.11086654663086,"https://www.google.com/maps?q=39.5002555847168,-9.11086654663086",https://pt.wikipedia.org/wiki/Castelo_de_Alfeizer%C3%A3o
Castelo de Alenquer,39.0575,-9.0075,"https://www.google.com/maps?q=39.0575,-9.0075",https://pt.wikipedia.org/wiki/Castelo_de_Alenquer
Torres Vedras,39.083333333333,-9.2666666666667,"https://www.google.com/maps?q=39.083333333333,-9.2666666666667",https://pt.wikipedia.org/wiki/Torres_Vedras
Torres Vedras,39.083333333333,-9.2666666666667,"https://www.google.com/maps?q=39.083333333333,-9.2666666666667",https://pt.wikipedia.org/wiki/Torres_Vedras
Castelo de Vila Verde dos Francos,39.157033,-9.122,"https://www.google.com/maps?q=39.157033,-9.122",https://pt.wikipedia.org/wiki/Castelo_de_Vila_Verde_dos_Francos
Castelo de Abrantes,39.46445833,-8.19481944,"https://www.google.com/maps?q=39.46445833,-8.19481944",https://pt.wikipedia.org/wiki/Castelo_de_Abrantes
Torres Vedras,39.083333333333,-9.2666666666667,"https://www.google.com/maps?q=39.083333333333,-9.2666666666667",https://pt.wikipedia.org/wiki/Torres_Vedras
Linhas de Torres,39.100503,-9.265753,"https://www.google.com/maps?q=39.100503,-9.265753",https://pt.wikipedia.org/wiki/Linhas_de_Torres
Castelo de Almourol,39.46194444,-8.38383056,"https://www.google.com/maps?q=39.46194444,-8.38383056",https://pt.wikipedia.org/wiki/Castelo_de_Almourol
Castelo de Alcanede,39.41722222,-8.82138889,"https://www.google.com/maps?q=39.41722222,-8.82138889",https://pt.wikipedia.org/wiki/Castelo_de_Alcanede
Castelo de Santarém,39.23361111,-8.67666667,"https://www.google.com/maps?q=39.23361111,-8.67666667",https://pt.wikipedia.org/wiki/Castelo_de_Santar%C3%A9m
Castelo de Ourém,39.641170501709,-8.5919713973999,"https://www.google.com/maps?q=39.641170501709,-8.5919713973999",https://pt.wikipedia.org/wiki/Castelo_de_Our%C3%A9m
Fortaleza de Abrantes,39.46445833,-8.19481944,"https://www.google.com/maps?q=39.46445833,-8.19481944",https://pt.wikipedia.org/wiki/Fortaleza_de_Abrantes
Castelo de Tomar,39.603405,-8.417642,"https://www.google.com/maps?q=39.603405,-8.417642",https://pt.wikipedia.org/wiki/Castelo_de_Tomar
Castelo de Torres Novas,39.48,-8.54055556,"https://www.google.com/maps?q=39.48,-8.54055556",https://pt.wikipedia.org/wiki/Castelo_de_Torres_Novas
Torres Novas,39.483333333333,-8.5333333333333,"https://www.google.com/maps?q=39.483333333333,-8.5333333333333",https://pt.wikipedia.org/wiki/Torres_Novas
Santa Maria,39.45908,-8.55732,"https://www.google.com/maps?q=39.45908,-8.55732",https://pt.wikipedia.org/wiki/Santa_Maria_(Torres_Novas)
Torre de Dornes,39.771394,-8.269275,"https://www.google.com/maps?q=39.771394,-8.269275",https://pt.wikipedia.org/wiki/Torre_de_Dornes
Castelo de Palmela,38.565621,-8.901681,"https://www.google.com/maps?q=38.565621,-8.901681",https://pt.wikipedia.org/wiki/Castelo_de_Palmela
Castelo de Sesimbra,38.45277778,-9.10666667,"https://www.google.com/maps?q=38.45277778,-9.10666667",https://pt.wikipedia.org/wiki/Castelo_de_Sesimbra
Castelo,38.49086,-9.12498,"https://www.google.com/maps?q=38.49086,-9.12498",https://pt.wikipedia.org/wiki/Castelo_(Sesimbra)
Forte de Santa Maria da Arrábida,38.4738,-8.9829,"https://www.google.com/maps?q=38.4738,-8.9829",https://pt.wikipedia.org/wiki/Forte_de_Santa_Maria_da_Arr%C3%A1bida
Castelo de Almada,38.68444444,-9.15555556,"https://www.google.com/maps?q=38.68444444,-9.15555556",https://pt.wikipedia.org/wiki/Castelo_de_Almada
Forte da Arrábida,38.4738,-8.9829,"https://www.google.com/maps?q=38.4738,-8.9829",https://pt.wikipedia.org/wiki/Forte_da_Arr%C3%A1bida
Forte de Albarquel,38.51111667,-8.91325,"https://www.google.com/maps?q=38.51111667,-8.91325",https://pt.wikipedia.org/wiki/Forte_de_Albarquel
Forte de Santiago do Outão,38.4884872436523,-8.93508529663086,"https://www.google.com/maps?q=38.4884872436523,-8.93508529663086",https://pt.wikipedia.org/wiki/Forte_de_Santiago_do_Out%C3%A3o
Castelo,38.49086,-9.12498,"https://www.google.com/maps?q=38.49086,-9.12498",https://pt.wikipedia.org/wiki/Castelo_(Sesimbra)
Forte do Outão,38.4884872436523,-8.93508529663086,"https://www.google.com/maps?q=38.4884872436523,-8.93508529663086",https://pt.wikipedia.org/wiki/Forte_do_Out%C3%A3o
Forte de São Luís Gonzaga,38.52833333,-8.90611111,"https://www.google.com/maps?q=38.52833333,-8.90611111",https://pt.wikipedia.org/wiki/Forte_de_S%C3%A3o_Lu%C3%ADs_Gonzaga
Forte da Baralha,38.413222222222224,-9.190222222222221,"https://www.google.com/maps?q=38.413222222222224,-9.190222222222221",https://pt.wikipedia.org/wiki/Forte_da_Baralha
Forte de São Domingos da Baralha,38.413222222222224,-9.190222222222221,"https://www.google.com/maps?q=38.413222222222224,-9.190222222222221",https://pt.wikipedia.org/wiki/Forte_de_S%C3%A3o_Domingos_da_Baralha
Forte de São Filipe de Setúbal,38.517715,-8.909221,"https://www.google.com/maps?q=38.517715,-8.909221",https://pt.wikipedia.org/wiki/Forte_de_S%C3%A3o_Filipe_de_Set%C3%BAbal
Castelo de São Filipe,38.517715,-8.909221,"https://www.google.com/maps?q=38.517715,-8.909221",https://pt.wikipedia.org/wiki/Castelo_de_S%C3%A3o_Filipe
Castelo,38.49086,-9.12498,"https://www.google.com/maps?q=38.49086,-9.12498",https://pt.wikipedia.org/wiki/Castelo_(Sesimbra)
Muralhas de Setúbal,38.523356,-8.886617,"https://www.google.com/maps?q=38.523356,-8.886617",https://pt.wikipedia.org/wiki/Muralhas_de_Set%C3%BAbal
Castelo de Alegrete,39.23705,-7.32415,"https://www.google.com/maps?q=39.23705,-7.32415",https://pt.wikipedia.org/wiki/Castelo_de_Alegrete
Castelo de Alter Pedroso,39.18916667,-7.62277778,"https://www.google.com/maps?q=39.18916667,-7.62277778",https://pt.wikipedia.org/wiki/Castelo_de_Alter_Pedroso
Castelo de Alpalhão,39.41666667,-7.61888333,"https://www.google.com/maps?q=39.41666667,-7.61888333",https://pt.wikipedia.org/wiki/Castelo_de_Alpalh%C3%A3o
Castelo de Assumar,39.1408462524414,-7.39043807983398,"https://www.google.com/maps?q=39.1408462524414,-7.39043807983398",https://pt.wikipedia.org/wiki/Castelo_de_Assumar
Castelo de Alter do Chão,39.19888889,-7.65861111,"https://www.google.com/maps?q=39.19888889,-7.65861111",https://pt.wikipedia.org/wiki/Castelo_de_Alter_do_Ch%C3%A3o
Castelo de Arronches,39.12361111,-7.28305556,"https://www.google.com/maps?q=39.12361111,-7.28305556",https://pt.wikipedia.org/wiki/Castelo_de_Arronches
Castelo de Belver,39.49386944,-7.96090278,"https://www.google.com/maps?q=39.49386944,-7.96090278",https://pt.wikipedia.org/wiki/Castelo_de_Belver
Castelo de Barbacena,38.96027778,-7.29361111,"https://www.google.com/maps?q=38.96027778,-7.29361111",https://pt.wikipedia.org/wiki/Castelo_de_Barbacena
Castelo de Campo Maior,39.011045,-7.072315,"https://www.google.com/maps?q=39.011045,-7.072315",https://pt.wikipedia.org/wiki/Castelo_de_Campo_Maior
Castelo de Vide,39.416666666667,-7.45,"https://www.google.com/maps?q=39.416666666667,-7.45",https://pt.wikipedia.org/wiki/Castelo_de_Vide
Castelo de Castelo de Vide,39.417766,-7.457937,"https://www.google.com/maps?q=39.417766,-7.457937",https://pt.wikipedia.org/wiki/Castelo_de_Castelo_de_Vide
Castelo de Cabeço de Vide,39.134514,-7.586748,"https://www.google.com/maps?q=39.134514,-7.586748",https://pt.wikipedia.org/wiki/Castelo_de_Cabe%C3%A7o_de_Vide
Castelo de Elvas,38.88354167,-7.16289167,"https://www.google.com/maps?q=38.88354167,-7.16289167",https://pt.wikipedia.org/wiki/Castelo_de_Elvas
Castelo de Marvão,39.39638889,-7.37972222,"https://www.google.com/maps?q=39.39638889,-7.37972222",https://pt.wikipedia.org/wiki/Castelo_de_Marv%C3%A3o
Castelo de Amieira,39.50802778,-7.816225,"https://www.google.com/maps?q=39.50802778,-7.816225",https://pt.wikipedia.org/wiki/Castelo_de_Amieira
Castelo de Ouguela,39.07888889,-7.03166667,"https://www.google.com/maps?q=39.07888889,-7.03166667",https://pt.wikipedia.org/wiki/Castelo_de_Ouguela
Castelo de Montalvão,39.595878,-7.526333,"https://www.google.com/maps?q=39.595878,-7.526333",https://pt.wikipedia.org/wiki/Castelo_de_Montalv%C3%A3o
Castelo de Portalegre,39.2912,-7.4308,"https://www.google.com/maps?q=39.2912,-7.4308",https://pt.wikipedia.org/wiki/Castelo_de_Portalegre
Castelo de Monforte (Portalegre),39.054522,-7.438977,"https://www.google.com/maps?q=39.054522,-7.438977",https://pt.wikipedia.org/wiki/Castelo_de_Monforte_(Portalegre)
Castelo de Nisa,39.518425,-7.647084,"https://www.google.com/maps?q=39.518425,-7.647084",https://pt.wikipedia.org/wiki/Castelo_de_Nisa
Castelo de Fontalva,38.986863,-7.297756,"https://www.google.com/maps?q=38.986863,-7.297756",https://pt.wikipedia.org/wiki/Castelo_de_Fontalva
Castelo da Azinheira,39.284608,-7.64291,"https://www.google.com/maps?q=39.284608,-7.64291",https://pt.wikipedia.org/wiki/Castelo_da_Azinheira
Castelo de Seda,39.193100833333,-7.7870058333333,"https://www.google.com/maps?q=39.193100833333,-7.7870058333333",https://pt.wikipedia.org/wiki/Castelo_de_Seda
Castelo de Flor da Rosa,39.306734,-7.648174,"https://www.google.com/maps?q=39.306734,-7.648174",https://pt.wikipedia.org/wiki/Mosteiro_de_Flor_da_Rosa
Castelo do Crato,39.284608,-7.64291,"https://www.google.com/maps?q=39.284608,-7.64291",https://pt.wikipedia.org/wiki/Castelo_do_Crato
Forte da Graça,38.894609,-7.164223,"https://www.google.com/maps?q=38.894609,-7.164223",https://pt.wikipedia.org/wiki/Forte_da_Gra%C3%A7a
Forte de Santa Luzia,38.873,-7.1584861111111,"https://www.google.com/maps?q=38.873,-7.1584861111111",https://pt.wikipedia.org/wiki/Forte_de_Santa_Luzia
Forte Conde de Lippe,38.894609,-7.164223,"https://www.google.com/maps?q=38.894609,-7.164223",https://pt.wikipedia.org/wiki/Forte_Conde_de_Lippe
Castelo de Amieira do Tejo,39.50802778,-7.816225,"https://www.google.com/maps?q=39.50802778,-7.816225",https://pt.wikipedia.org/wiki/Castelo_de_Amieira_do_Tejo
Forte de São Roque,39.414941,-7.451281,"https://www.google.com/maps?q=39.414941,-7.451281",https://pt.wikipedia.org/wiki/Forte_de_S%C3%A3o_Roque
Baluarte do Torrejão,39.293068,-7.423241,"https://www.google.com/maps?q=39.293068,-7.423241",https://pt.wikipedia.org/wiki/Baluarte_do_Torrej%C3%A3o
Atalaia do Torrejão,39.293068,-7.423241,"https://www.google.com/maps?q=39.293068,-7.423241",https://pt.wikipedia.org/wiki/Atalaia_do_Torrej%C3%A3o
Torre de Atalaião,39.293068,-7.423241,"https://www.google.com/maps?q=39.293068,-7.423241",https://pt.wikipedia.org/wiki/Torre_de_Atalai%C3%A3o
Castelo do Torrejão,39.293068,-7.423241,"https://www.google.com/maps?q=39.293068,-7.423241",https://pt.wikipedia.org/wiki/Castelo_do_Torrej%C3%A3o
Castelo de Santiago do Cacém,38.01472222,-8.69833333,"https://www.google.com/maps?q=38.01472222,-8.69833333",https://pt.wikipedia.org/wiki/Castelo_de_Santiago_do_Cac%C3%A9m
Torrejã,39.293068,-7.423241,"https://www.google.com/maps?q=39.293068,-7.423241",https://pt.wikipedia.org/wiki/Torrej%C3%A3
Castelo de Vila Nova de Milfontes,37.722715,-8.783002,"https://www.google.com/maps?q=37.722715,-8.783002",https://pt.wikipedia.org/wiki/Castelo_de_Vila_Nova_de_Milfontes
Castelo de Odemira,37.59726666666667,-8.643413888888889,"https://www.google.com/maps?q=37.59726666666667,-8.643413888888889",https://pt.wikipedia.org/wiki/Castelo_de_Odemira
Forte de São Clemente,37.722715,-8.783002,"https://www.google.com/maps?q=37.722715,-8.783002",https://pt.wikipedia.org/wiki/Forte_de_S%C3%A3o_Clemente
Castelo de Milfontes,37.722715,-8.783002,"https://www.google.com/maps?q=37.722715,-8.783002",https://pt.wikipedia.org/wiki/Castelo_de_Milfontes
Castelo de Aljustrel,37.881407,-8.167456,"https://www.google.com/maps?q=37.881407,-8.167456",https://pt.wikipedia.org/wiki/Castelo_de_Aljustrel
Atalaia Magra,38.139871,-7.454805,"https://www.google.com/maps?q=38.139871,-7.454805",https://pt.wikipedia.org/wiki/Atalaia_Magra
Forte da Ilha de Fora,37.828403888888886,-8.790983055555555,"https://www.google.com/maps?q=37.828403888888886,-8.790983055555555",https://pt.wikipedia.org/wiki/Forte_da_Ilha_de_Fora
Atalaia da Cabeça Magra,38.139871,-7.454805,"https://www.google.com/maps?q=38.139871,-7.454805",https://pt.wikipedia.org/wiki/Atalaia_da_Cabe%C3%A7a_Magra
Forte de Santo Alberto do Pessegueiro,37.828403888888886,-8.790983055555555,"https://www.google.com/maps?q=37.828403888888886,-8.790983055555555",https://pt.wikipedia.org/wiki/Forte_de_Santo_Alberto_do_Pessegueiro
Forte do Pessegueiro,37.828403888888886,-8.790983055555555,"https://www.google.com/maps?q=37.828403888888886,-8.790983055555555",https://pt.wikipedia.org/wiki/Forte_do_Pessegueiro
Forte da Ilha do Pessegueiro,37.828403888888886,-8.790983055555555,"https://www.google.com/maps?q=37.828403888888886,-8.790983055555555",https://pt.wikipedia.org/wiki/Forte_da_Ilha_do_Pessegueiro
Forte de Nossa Senhora das Salvas,37.951338,-8.876336,"https://www.google.com/maps?q=37.951338,-8.876336",https://pt.wikipedia.org/wiki/Forte_de_Nossa_Senhora_das_Salvas
Forte de Nossa Senhora de Salas,37.951338,-8.876336,"https://www.google.com/maps?q=37.951338,-8.876336",https://pt.wikipedia.org/wiki/Forte_de_Nossa_Senhora_de_Salas
Castelo de Alvito,38.2578,-7.9919,"https://www.google.com/maps?q=38.2578,-7.9919",https://pt.wikipedia.org/wiki/Castelo_de_Alvito
Castelo de Cola,37.57875278,-8.30046944,"https://www.google.com/maps?q=37.57875278,-8.30046944",https://pt.wikipedia.org/wiki/Castelo_de_Cola
Castelo de Beja,38.0175,-7.86555556,"https://www.google.com/maps?q=38.0175,-7.86555556",https://pt.wikipedia.org/wiki/Castelo_de_Beja
Castelo de Mértola,37.63805556,-7.66444444,"https://www.google.com/maps?q=37.63805556,-7.66444444",https://pt.wikipedia.org/wiki/Castelo_de_M%C3%A9rtola
Castelo de Noudar,38.17777778,-7.06277778,"https://www.google.com/maps?q=38.17777778,-7.06277778",https://pt.wikipedia.org/wiki/Castelo_de_Noudar
Castelo de Montel,37.7519493103027,-7.93989992141724,"https://www.google.com/maps?q=37.7519493103027,-7.93989992141724",https://pt.wikipedia.org/wiki/Castelo_de_Montel
Castelo Velho de Cobres,37.7519493103027,-7.93989992141724,"https://www.google.com/maps?q=37.7519493103027,-7.93989992141724",https://pt.wikipedia.org/wiki/Castelo_Velho_de_Cobres
Castelo de Messejana,37.836375,-8.246469,"https://www.google.com/maps?q=37.836375,-8.246469",https://pt.wikipedia.org/wiki/Castelo_de_Messejana
Castelo de Moura,38.14361111,-7.45138889,"https://www.google.com/maps?q=38.14361111,-7.45138889",https://pt.wikipedia.org/wiki/Castelo_de_Moura
Castelo de Serpa,37.943888888889,-7.5983333333333,"https://www.google.com/maps?q=37.943888888889,-7.5983333333333",https://pt.wikipedia.org/wiki/Castelo_de_Serpa
Castelo de Arraiolos,38.72555556,-7.9875,"https://www.google.com/maps?q=38.72555556,-7.9875",https://pt.wikipedia.org/wiki/Castelo_de_Arraiolos
Castelo de Estremoz,38.841305,-7.591739,"https://www.google.com/maps?q=38.841305,-7.591739",https://pt.wikipedia.org/wiki/Castelo_de_Estremoz
Castelo de Azinhalinho,38.42954051,-7.45167469,"https://www.google.com/maps?q=38.42954051,-7.45167469",https://pt.wikipedia.org/wiki/Castelo_de_Azinhalinho
Castelo da Vidigueira,38.394055,-7.514334,"https://www.google.com/maps?q=38.394055,-7.514334",https://pt.wikipedia.org/wiki/Castelo_da_Vidigueira_(%C3%89vora)
Castelo de Ourique,37.654191,-8.226354,"https://www.google.com/maps?q=37.654191,-8.226354",https://pt.wikipedia.org/wiki/Castelo_de_Ourique
Castelo de Borba,38.80524,-7.456205,"https://www.google.com/maps?q=38.80524,-7.456205",https://pt.wikipedia.org/wiki/Castelo_de_Borba
Castelo Romano da Lousa,38.35935278,-7.4032,"https://www.google.com/maps?q=38.35935278,-7.4032",https://pt.wikipedia.org/wiki/Castelo_Romano_da_Lousa
Castelo da Lousa,38.35935278,-7.4032,"https://www.google.com/maps?q=38.35935278,-7.4032",https://pt.wikipedia.org/wiki/Castelo_da_Lousa
Castelo de Évora,38.5733,-7.9075,"https://www.google.com/maps?q=38.5733,-7.9075",https://pt.wikipedia.org/wiki/Castelo_de_%C3%89vora
Castelo de Évora Monte,38.77189,-7.715841,"https://www.google.com/maps?q=38.77189,-7.715841",https://pt.wikipedia.org/wiki/Castelo_de_%C3%89vora_Monte
Praça-forte da Juromenha,38.738175,-7.239841,"https://www.google.com/maps?q=38.738175,-7.239841",https://pt.wikipedia.org/wiki/Fortaleza_de_Juromenha
Castelo de Évoramonte,38.77189,-7.715841,"https://www.google.com/maps?q=38.77189,-7.715841",https://pt.wikipedia.org/wiki/Castelo_de_%C3%89voramonte
Castelo de Monsaraz,38.443184,-7.380692,"https://www.google.com/maps?q=38.443184,-7.380692",https://pt.wikipedia.org/wiki/Castelo_de_Monsaraz
Castelo de Montemor-o-Novo,38.6425,-8.2156,"https://www.google.com/maps?q=38.6425,-8.2156",https://pt.wikipedia.org/wiki/Castelo_de_Montemor-o-Novo
Castelo de Mourão,38.385,-7.34666667,"https://www.google.com/maps?q=38.385,-7.34666667",https://pt.wikipedia.org/wiki/Castelo_de_Mour%C3%A3o
Castelo de Portel,38.30916667,-7.70277778,"https://www.google.com/maps?q=38.30916667,-7.70277778",https://pt.wikipedia.org/wiki/Castelo_de_Portel
Castelo de Olivença,38.6855,-7.09911,"https://www.google.com/maps?q=38.6855,-7.09911",https://pt.wikipedia.org/wiki/Castelo_de_Oliven%C3%A7a
Castelo de Juromenha,38.738175,-7.239841,"https://www.google.com/maps?q=38.738175,-7.239841",https://pt.wikipedia.org/wiki/Castelo_de_Juromenha
Castelo de Terena,38.62166667,-7.40722222,"https://www.google.com/maps?q=38.62166667,-7.40722222",https://pt.wikipedia.org/wiki/Castelo_de_Terena
Castelo de Vila Viçosa,38.78,-7.415,"https://www.google.com/maps?q=38.78,-7.415",https://pt.wikipedia.org/wiki/Castelo_de_Vila_Vi%C3%A7osa
Castelo do Alandroal,38.701857,-7.403669,"https://www.google.com/maps?q=38.701857,-7.403669",https://pt.wikipedia.org/wiki/Castelo_do_Alandroal
Castelo de Veiros,38.953203,-7.508294,"https://www.google.com/maps?q=38.953203,-7.508294",https://pt.wikipedia.org/wiki/Castelo_de_Veiros
Castelo de Redondo,38.64972222,-7.54333333,"https://www.google.com/maps?q=38.64972222,-7.54333333",https://pt.wikipedia.org/wiki/Castelo_de_Redondo
Castelo de Viana do Alentejo,38.33208056,-8.00159722,"https://www.google.com/maps?q=38.33208056,-8.00159722",https://pt.wikipedia.org/wiki/Castelo_de_Viana_do_Alentejo
Castelo Velho do Degebe,38.415134,-7.557619,"https://www.google.com/maps?q=38.415134,-7.557619",https://pt.wikipedia.org/wiki/Castelo_Velho_do_Degebe
Fortaleza de Juromenha,38.738175,-7.239841,"https://www.google.com/maps?q=38.738175,-7.239841",https://pt.wikipedia.org/wiki/Fortaleza_de_Juromenha
Castelo do Mau Vizinho,38.704876,-7.852214,"https://www.google.com/maps?q=38.704876,-7.852214",https://pt.wikipedia.org/wiki/Castelo_do_Mau_Vizinho_(%C3%89vora)
Torre das Águias,38.874968,-8.126502,"https://www.google.com/maps?q=38.874968,-8.126502",https://pt.wikipedia.org/wiki/Torre_das_%C3%81guias
Castelo de Pontega,38.704876,-7.852214,"https://www.google.com/maps?q=38.704876,-7.852214",https://pt.wikipedia.org/wiki/Castelo_de_Pontega
Castelo de Valongo,38.51722222,-7.65111111,"https://www.google.com/maps?q=38.51722222,-7.65111111",https://pt.wikipedia.org/wiki/Castelo_de_Valongo
Torre de Coelheiros,38.411861111111,-7.8371111111111,"https://www.google.com/maps?q=38.411861111111,-7.8371111111111",https://pt.wikipedia.org/wiki/Torre_de_Coelheiros
Forte de Santo António da Piedade,38.578298,-7.915516,"https://www.google.com/maps?q=38.578298,-7.915516",https://pt.wikipedia.org/wiki/Forte_de_Santo_Ant%C3%B3nio_da_Piedade
Portas e baluartes da segunda linha de fortificações (Estremoz),38.842788,-7.586249,"https://www.google.com/maps?q=38.842788,-7.586249",https://pt.wikipedia.org/wiki/Portas_e_baluartes_da_segunda_linha_de_fortifica%C3%A7%C3%B5es_(Estremoz)
Praça-forte de Olivença,38.68933814109896,-7.098376233873304,"https://www.google.com/maps?q=38.68933814109896,-7.098376233873304",https://pt.wikipedia.org/wiki/Pra%C3%A7a-forte_de_Oliven%C3%A7a
Torre de Sisebuto,38.571635,-7.909356,"https://www.google.com/maps?q=38.571635,-7.909356",https://pt.wikipedia.org/wiki/Torre_de_Sisebuto
Castelo de Esporão,38.380289,-7.560823,"https://www.google.com/maps?q=38.380289,-7.560823",https://pt.wikipedia.org/wiki/Castelo_de_Espor%C3%A3o
Castelo Velho de Alcoutim,37.48104444,-7.47155278,"https://www.google.com/maps?q=37.48104444,-7.47155278",https://pt.wikipedia.org/wiki/Castelo_Velho_de_Alcoutim
Torre de Val-Boim,38.268612,-7.701311,"https://www.google.com/maps?q=38.268612,-7.701311",https://pt.wikipedia.org/wiki/Torre_de_Val-Boim
Torre do Esporão,38.380289,-7.560823,"https://www.google.com/maps?q=38.380289,-7.560823",https://pt.wikipedia.org/wiki/Torre_do_Espor%C3%A3o
Castelo de Albufeira,37.087972,-8.251621,"https://www.google.com/maps?q=37.087972,-8.251621",https://pt.wikipedia.org/wiki/Castelo_de_Albufeira
Bateria do Zavial,37.044768,-8.875853,"https://www.google.com/maps?q=37.044768,-8.875853",https://pt.wikipedia.org/wiki/Bateria_do_Zavial
Castelo de Alcoutim,37.47060278,-7.47189167,"https://www.google.com/maps?q=37.47060278,-7.47189167",https://pt.wikipedia.org/wiki/Castelo_de_Alcoutim
Bateria de Albufeira,37.0867042541504,-8.25169944763184,"https://www.google.com/maps?q=37.0867042541504,-8.25169944763184",https://pt.wikipedia.org/wiki/Bateria_de_Albufeira
Castelo de Albufeira,37.087972,-8.251621,"https://www.google.com/maps?q=37.087972,-8.251621",https://pt.wikipedia.org/wiki/Castelo_de_Albufeira
Castelo de Torre de Coelheiros,38.412277,-7.836171,"https://www.google.com/maps?q=38.412277,-7.836171",https://pt.wikipedia.org/wiki/Castelo_de_Torre_de_Coelheiros
Bateria de Albufeira,37.0867042541504,-8.25169944763184,"https://www.google.com/maps?q=37.0867042541504,-8.25169944763184",https://pt.wikipedia.org/wiki/Bateria_de_Albufeira
Castelo de Alcoutim,37.47060278,-7.47189167,"https://www.google.com/maps?q=37.47060278,-7.47189167",https://pt.wikipedia.org/wiki/Castelo_de_Alcoutim
Castelo de Alcantarilha,37.12829722222222,-8.345661111111111,"https://www.google.com/maps?q=37.12829722222222,-8.345661111111111",https://pt.wikipedia.org/wiki/Castelo_de_Alcantarilha
Castelo de Aljezur,37.31628,-8.805204,"https://www.google.com/maps?q=37.31628,-8.805204",https://pt.wikipedia.org/wiki/Castelo_de_Aljezur
Castelo da Senhora da Luz,37.0851,-8.73047,"https://www.google.com/maps?q=37.0851,-8.73047",https://pt.wikipedia.org/wiki/Castelo_da_Senhora_da_Luz
Forte de Alvor,37.12926667,-8.59363611,"https://www.google.com/maps?q=37.12926667,-8.59363611",https://pt.wikipedia.org/wiki/Forte_de_Alvor
Fortaleza de Alcoutim,37.47060278,-7.47189167,"https://www.google.com/maps?q=37.47060278,-7.47189167",https://pt.wikipedia.org/wiki/Fortaleza_de_Alcoutim
Castelo de Alvor,37.12926667,-8.59363611,"https://www.google.com/maps?q=37.12926667,-8.59363611",https://pt.wikipedia.org/wiki/Castelo_de_Alvor
Castelo de Albur,37.12926667,-8.59363611,"https://www.google.com/maps?q=37.12926667,-8.59363611",https://pt.wikipedia.org/wiki/Castelo_de_Albur
Castelo de Faro,37.01197222222222,-7.934083333333334,"https://www.google.com/maps?q=37.01197222222222,-7.934083333333334",https://pt.wikipedia.org/wiki/Castelo_de_Faro
Castelo de Castro Marim,37.218525,-7.44194444,"https://www.google.com/maps?q=37.218525,-7.44194444",https://pt.wikipedia.org/wiki/Castelo_de_Castro_Marim
Forte da Arrifana,37.320314,-8.876097,"https://www.google.com/maps?q=37.320314,-8.876097",https://pt.wikipedia.org/wiki/Forte_da_Arrifana
Castelo de Arrifana,37.320314,-8.876097,"https://www.google.com/maps?q=37.320314,-8.876097",https://pt.wikipedia.org/wiki/Castelo_de_Arrifana
Castelo de Estômbar,37.14613888888889,-8.486083333333333,"https://www.google.com/maps?q=37.14613888888889,-8.486083333333333",https://pt.wikipedia.org/wiki/Castelo_de_Est%C3%B4mbar
Castelo de Lagos,37.097122,-8.671626,"https://www.google.com/maps?q=37.097122,-8.671626",https://pt.wikipedia.org/wiki/Castelo_de_Lagos
Castelo de Loulé,37.13944444,-8.02388889,"https://www.google.com/maps?q=37.13944444,-8.02388889",https://pt.wikipedia.org/wiki/Castelo_de_Loul%C3%A9
Castelo de Paderne,37.15705555555556,-8.200555555555555,"https://www.google.com/maps?q=37.15705555555556,-8.200555555555555",https://pt.wikipedia.org/wiki/Castelo_de_Paderne
Forte de Nossa Senhora da Rocha,37.09565278,-8.38618333,"https://www.google.com/maps?q=37.09565278,-8.38618333",https://pt.wikipedia.org/wiki/Forte_de_Nossa_Senhora_da_Rocha
Fortaleza de Lagos,37.099017,-8.6683,"https://www.google.com/maps?q=37.099017,-8.6683",https://pt.wikipedia.org/wiki/Fortaleza_de_Lagos
Castelo de Silves,37.19098889,-8.43790556,"https://www.google.com/maps?q=37.19098889,-8.43790556",https://pt.wikipedia.org/wiki/Castelo_de_Silves
Castelo de Tavira,37.1250381469727,-7.6536979675293,"https://www.google.com/maps?q=37.1250381469727,-7.6536979675293",https://pt.wikipedia.org/wiki/Castelo_de_Tavira
Castelo Velho de Alcoutim,37.48104444,-7.47155278,"https://www.google.com/maps?q=37.48104444,-7.47155278",https://pt.wikipedia.org/wiki/Castelo_Velho_de_Alcoutim
Castelo de Porches,37.09565278,-8.38618333,"https://www.google.com/maps?q=37.09565278,-8.38618333",https://pt.wikipedia.org/wiki/Castelo_de_Porches
Castelo de Santa Justa,37.439139,-7.766239,"https://www.google.com/maps?q=37.439139,-7.766239",https://pt.wikipedia.org/wiki/Povoado_calcol%C3%ADtico_do_Cerro_do_Castelo
Forte da Meia Praia,37.11744167,-8.6474,"https://www.google.com/maps?q=37.11744167,-8.6474",https://pt.wikipedia.org/wiki/Forte_da_Meia_Praia
Castelo de Salir,37.242971,-8.046488,"https://www.google.com/maps?q=37.242971,-8.046488",https://pt.wikipedia.org/wiki/Castelo_de_Salir
Fortaleza de Armação de Pêra,37.1017,-8.35633333,"https://www.google.com/maps?q=37.1017,-8.35633333",https://pt.wikipedia.org/wiki/Fortaleza_de_Arma%C3%A7%C3%A3o_de_P%C3%AAra
Forte da Ponta da Bandeira,37.099017,-8.6683,"https://www.google.com/maps?q=37.099017,-8.6683",https://pt.wikipedia.org/wiki/Forte_da_Ponta_da_Bandeira
Fortaleza de Sagres,37.000853,-8.948395,"https://www.google.com/maps?q=37.000853,-8.948395",https://pt.wikipedia.org/wiki/Fortaleza_de_Sagres
Fortaleza de Belixe,37.02733333,-8.98248333,"https://www.google.com/maps?q=37.02733333,-8.98248333",https://pt.wikipedia.org/wiki/Fortaleza_de_Belixe
Forte da Baleeira,37.007857,-8.925973,"https://www.google.com/maps?q=37.007857,-8.925973",https://pt.wikipedia.org/wiki/Forte_da_Baleeira
Fortaleza de Cacela,37.157175,-7.545631,"https://www.google.com/maps?q=37.157175,-7.545631",https://pt.wikipedia.org/wiki/Fortaleza_de_Cacela
Fortaleza de São Vicente,37.02305556,-8.99611111,"https://www.google.com/maps?q=37.02305556,-8.99611111",https://pt.wikipedia.org/wiki/Fortaleza_de_S%C3%A3o_Vicente
Castelo de Sagres,37.000853,-8.948395,"https://www.google.com/maps?q=37.000853,-8.948395",https://pt.wikipedia.org/wiki/Castelo_de_Sagres
Forte de Sagres,37.000853,-8.948395,"https://www.google.com/maps?q=37.000853,-8.948395",https://pt.wikipedia.org/wiki/Forte_de_Sagres
Forte de São João da Barra,37.138934,-7.592369,"https://www.google.com/maps?q=37.138934,-7.592369",https://pt.wikipedia.org/wiki/Forte_de_S%C3%A3o_Jo%C3%A3o_da_Barra
Forte do Rato,37.12146667,-7.62131667,"https://www.google.com/maps?q=37.12146667,-7.62131667",https://pt.wikipedia.org/wiki/Forte_do_Rato
Forte de Santa Catarina,37.11633889,-8.52959444,"https://www.google.com/maps?q=37.11633889,-8.52959444",https://pt.wikipedia.org/wiki/Forte_de_Santa_Catarina_(Portim%C3%A3o)
Forte de Santo António de Tavira,37.12146667,-7.62131667,"https://www.google.com/maps?q=37.12146667,-7.62131667",https://pt.wikipedia.org/wiki/Forte_de_Santo_Ant%C3%B3nio_de_Tavira
Castelo de São João do Arade,37.11959722,-8.52255833,"https://www.google.com/maps?q=37.11959722,-8.52255833",https://pt.wikipedia.org/wiki/Castelo_de_S%C3%A3o_Jo%C3%A3o_do_Arade
Forte de São João do Arade,37.11959722,-8.52255833,"https://www.google.com/maps?q=37.11959722,-8.52255833",https://pt.wikipedia.org/wiki/Forte_de_S%C3%A3o_Jo%C3%A3o_do_Arade
Bateria do Zavial,37.044768,-8.875853,"https://www.google.com/maps?q=37.044768,-8.875853",https://pt.wikipedia.org/wiki/Bateria_do_Zavial
Castelo do Arade,37.11959722,-8.52255833,"https://www.google.com/maps?q=37.11959722,-8.52255833",https://pt.wikipedia.org/wiki/Castelo_do_Arade
Forte de São Sebastião de Castro Marim,37.21666667,-7.44333333,"https://www.google.com/maps?q=37.21666667,-7.44333333",https://pt.wikipedia.org/wiki/Forte_de_S%C3%A3o_Sebasti%C3%A3o_de_Castro_Marim
Forte de Vera Cruz,37.061161,-8.838871,"https://www.google.com/maps?q=37.061161,-8.838871",https://pt.wikipedia.org/wiki/Forte_de_Vera_Cruz
Muralhas de Faro,37.013595,-7.934622,"https://www.google.com/maps?q=37.013595,-7.934622",https://pt.wikipedia.org/wiki/Muralhas_de_Faro
Bateria de Costa da Espalamaca,38.55,-28.61,"https://www.google.com/maps?q=38.55,-28.61",https://pt.wikipedia.org/wiki/Bateria_de_Costa_da_Espalamaca
Forte de Nossa Senhora da Guia (Horta),38.51968333,-28.62013333,"https://www.google.com/maps?q=38.51968333,-28.62013333",https://pt.wikipedia.org/wiki/Forte_de_Nossa_Senhora_da_Guia_(Horta)
Forte da Greta,38.51968333,-28.62013333,"https://www.google.com/maps?q=38.51968333,-28.62013333",https://pt.wikipedia.org/wiki/Forte_da_Greta
Forte de Santa Cruz da Horta,38.53159722,-28.62629444,"https://www.google.com/maps?q=38.53159722,-28.62629444",https://pt.wikipedia.org/wiki/Forte_de_Santa_Cruz_da_Horta
Forte de Porto Pim,38.525882720947,-28.626550674439,"https://www.google.com/maps?q=38.525882720947,-28.626550674439",https://pt.wikipedia.org/wiki/Forte_de_Porto_Pim
Castelo de Santo António,38.401285,-28.255216,"https://www.google.com/maps?q=38.401285,-28.255216",https://pt.wikipedia.org/wiki/Castelo_de_Santo_Ant%C3%B3nio
Castelo de Santa Cruz,38.53159722,-28.62629444,"https://www.google.com/maps?q=38.53159722,-28.62629444",https://pt.wikipedia.org/wiki/Castelo_de_Santa_Cruz
Forte de São Sebastião da Horta,38.524868011475,-28.629711151123,"https://www.google.com/maps?q=38.524868011475,-28.629711151123",https://pt.wikipedia.org/wiki/Forte_de_S%C3%A3o_Sebasti%C3%A3o_da_Horta
Torre de Vigia do Porto Pim,38.52444444,-28.63191667,"https://www.google.com/maps?q=38.52444444,-28.63191667",https://pt.wikipedia.org/wiki/Torre_de_Vigia_do_Porto_Pim
Castelo de Santo António,38.401285,-28.255216,"https://www.google.com/maps?q=38.401285,-28.255216",https://pt.wikipedia.org/wiki/Castelo_de_Santo_Ant%C3%B3nio
Forte de Santa Catarina (Lajes do Pico),38.401285,-28.255216,"https://www.google.com/maps?q=38.401285,-28.255216",https://pt.wikipedia.org/wiki/Forte_de_Santa_Catarina_(Lajes_do_Pico)
Forte do Corpo Santo (Santa Cruz da Graciosa),39.08861111,-28.00861111,"https://www.google.com/maps?q=39.08861111,-28.00861111",https://pt.wikipedia.org/wiki/Forte_do_Corpo_Santo_(Santa_Cruz_da_Graciosa)
Castelo de São Luís,38.65923056,-27.21955,"https://www.google.com/maps?q=38.65923056,-27.21955",https://pt.wikipedia.org/wiki/Castelo_de_S%C3%A3o_Lu%C3%ADs
2.º Reduto da Ribeira Seca,38.67083333,-27.07555556,"https://www.google.com/maps?q=38.67083333,-27.07555556",https://pt.wikipedia.org/wiki/2.%C2%BA_Reduto_da_Ribeira_Seca
1.º Reduto da Ribeira Seca,38.67166667,-27.07333333,"https://www.google.com/maps?q=38.67166667,-27.07333333",https://pt.wikipedia.org/wiki/1.%C2%BA_Reduto_da_Ribeira_Seca
Castelo de São Cristóvão,38.65923056,-27.21955,"https://www.google.com/maps?q=38.65923056,-27.21955",https://pt.wikipedia.org/wiki/Castelo_de_S%C3%A3o_Crist%C3%B3v%C3%A3o
Castelo dos Moinhos,38.65923056,-27.21955,"https://www.google.com/maps?q=38.65923056,-27.21955",https://pt.wikipedia.org/wiki/Castelo_dos_Moinhos
Forte da Salga,38.6475,-27.09611111,"https://www.google.com/maps?q=38.6475,-27.09611111",https://pt.wikipedia.org/wiki/Forte_da_Salga
Forte da Greta (Vila de São Sebastião),38.64361111,-27.07722222,"https://www.google.com/maps?q=38.64361111,-27.07722222",https://pt.wikipedia.org/wiki/Forte_da_Greta_(Vila_de_S%C3%A3o_Sebasti%C3%A3o)
Forte da baía da Salga,38.6475,-27.09611111,"https://www.google.com/maps?q=38.6475,-27.09611111",https://pt.wikipedia.org/wiki/Forte_da_ba%C3%ADa_da_Salga
Forte da Laginha,38.65222222,-27.16222222,"https://www.google.com/maps?q=38.65222222,-27.16222222",https://pt.wikipedia.org/wiki/Forte_da_Laginha
Forte da Má Ferramenta,38.65638889,-27.26611111,"https://www.google.com/maps?q=38.65638889,-27.26611111",https://pt.wikipedia.org/wiki/Forte_da_M%C3%A1_Ferramenta
Forte da Maré,38.7314,-27.0503,"https://www.google.com/maps?q=38.7314,-27.0503",https://pt.wikipedia.org/wiki/Forte_da_Mar%C3%A9
Forte da Rua Longa,38.79944444,-27.24527778,"https://www.google.com/maps?q=38.79944444,-27.24527778",https://pt.wikipedia.org/wiki/Forte_da_Rua_Longa
Forte das Cavalas,38.64444444,-27.09305556,"https://www.google.com/maps?q=38.64444444,-27.09305556",https://pt.wikipedia.org/wiki/Forte_das_Cavalas
Forte das Caninas,38.64277778,-27.08305556,"https://www.google.com/maps?q=38.64277778,-27.08305556",https://pt.wikipedia.org/wiki/Forte_das_Caninas
Forte das Chagas,38.73194444,-27.05666667,"https://www.google.com/maps?q=38.73194444,-27.05666667",https://pt.wikipedia.org/wiki/Forte_das_Chagas
Forte das Cinco Ribeiras,38.67555556,-27.32888889,"https://www.google.com/maps?q=38.67555556,-27.32888889",https://pt.wikipedia.org/wiki/Forte_das_Cinco_Ribeiras
Forte de Nossa Senhora da Nazaré (Porto Martins),38.685,-27.05611111,"https://www.google.com/maps?q=38.685,-27.05611111",https://pt.wikipedia.org/wiki/Forte_de_Nossa_Senhora_da_Nazar%C3%A9_(Porto_Martins)
Forte de Santa Cruz (Praia da Vitória),38.73111111,-27.05333333,"https://www.google.com/maps?q=38.73111111,-27.05333333",https://pt.wikipedia.org/wiki/Forte_de_Santa_Cruz_(Praia_da_Vit%C3%B3ria)
Forte de Santa Catarina (Cabo da Praia),38.71027778,-27.05138889,"https://www.google.com/maps?q=38.71027778,-27.05138889",https://pt.wikipedia.org/wiki/Forte_de_Santa_Catarina_(Cabo_da_Praia)
Forte de Nossa Senhora da Luz (Praia da Vitória),38.73194444,-27.05666667,"https://www.google.com/maps?q=38.73194444,-27.05666667",https://pt.wikipedia.org/wiki/Forte_de_Nossa_Senhora_da_Luz_(Praia_da_Vit%C3%B3ria)
Forte de Santa Catarina das Mós,38.64527778,-27.07944444,"https://www.google.com/maps?q=38.64527778,-27.07944444",https://pt.wikipedia.org/wiki/Forte_de_Santa_Catarina_das_M%C3%B3s
Forte do Porto (Praia da Vitória),38.73111111,-27.05333333,"https://www.google.com/maps?q=38.73111111,-27.05333333",https://pt.wikipedia.org/wiki/Forte_do_Porto_(Praia_da_Vit%C3%B3ria)
Forte de Santo António (Porto Judeu),38.64694444,-27.12,"https://www.google.com/maps?q=38.64694444,-27.12",https://pt.wikipedia.org/wiki/Forte_de_Santo_Ant%C3%B3nio_(Porto_Judeu)
Forte de Santo Antão (Praia da Vitória),38.72194444,-27.06166667,"https://www.google.com/maps?q=38.72194444,-27.06166667",https://pt.wikipedia.org/wiki/Forte_de_Santo_Ant%C3%A3o_(Praia_da_Vit%C3%B3ria)
Forte de São Benedito do Monte Brasil,38.646636,-27.21873,"https://www.google.com/maps?q=38.646636,-27.21873",https://pt.wikipedia.org/wiki/Forte_de_S%C3%A3o_Benedito_do_Monte_Brasil
Forte de Santo António do Monte Brasil,38.64472222,-27.23352778,"https://www.google.com/maps?q=38.64472222,-27.23352778",https://pt.wikipedia.org/wiki/Forte_de_Santo_Ant%C3%B3nio_do_Monte_Brasil
Reduto dos Três Paus,38.646636,-27.21873,"https://www.google.com/maps?q=38.646636,-27.21873",https://pt.wikipedia.org/wiki/Reduto_dos_Tr%C3%AAs_Paus
Forte de São Bento (Porto Martins),38.68611111,-27.05166667,"https://www.google.com/maps?q=38.68611111,-27.05166667",https://pt.wikipedia.org/wiki/Forte_de_S%C3%A3o_Bento_(Porto_Martins)
Forte de São Francisco (Angra do Heroísmo),38.67166667,-27.07194444,"https://www.google.com/maps?q=38.67166667,-27.07194444",https://pt.wikipedia.org/wiki/Forte_de_S%C3%A3o_Francisco_(Angra_do_Hero%C3%ADsmo)
Forte de São Filipe (Porto Martins),38.68527778,-27.05638889,"https://www.google.com/maps?q=38.68527778,-27.05638889",https://pt.wikipedia.org/wiki/Forte_de_S%C3%A3o_Filipe_(Porto_Martins)
Forte de São Jorge (Cabo da Praia),38.69638889,-27.04166667,"https://www.google.com/maps?q=38.69638889,-27.04166667",https://pt.wikipedia.org/wiki/Forte_de_S%C3%A3o_Jorge_(Cabo_da_Praia)
Forte de São Pedro (Biscoitos),38.80027778,-27.26194444,"https://www.google.com/maps?q=38.80027778,-27.26194444",https://pt.wikipedia.org/wiki/Forte_de_S%C3%A3o_Pedro_(Biscoitos)
Forte da Igreja (São Mateus da Calheta),38.655,-27.27222222,"https://www.google.com/maps?q=38.655,-27.27222222",https://pt.wikipedia.org/wiki/Forte_da_Igreja_(S%C3%A3o_Mateus_da_Calheta)
Forte de São Fernando (Porto Martins),38.67583333,-27.06472222,"https://www.google.com/maps?q=38.67583333,-27.06472222",https://pt.wikipedia.org/wiki/Forte_de_S%C3%A3o_Fernando_(Porto_Martins)
Forte de São João (São Mateus da Calheta),38.65341944,-27.27458056,"https://www.google.com/maps?q=38.65341944,-27.27458056",https://pt.wikipedia.org/wiki/Forte_de_S%C3%A3o_Jo%C3%A3o_(S%C3%A3o_Mateus_da_Calheta)
Forte do Bom Jesus (Vila de São Sebastião),38.64916667,-27.07333333,"https://www.google.com/maps?q=38.64916667,-27.07333333",https://pt.wikipedia.org/wiki/Forte_do_Bom_Jesus_(Vila_de_S%C3%A3o_Sebasti%C3%A3o)
Forte do Espírito Santo,38.73111111,-27.05055556,"https://www.google.com/maps?q=38.73111111,-27.05055556",https://pt.wikipedia.org/wiki/Forte_do_Esp%C3%ADrito_Santo
Forte do Pesqueiro dos Meninos (Vila de São Sebastião),38.655,-27.07527778,"https://www.google.com/maps?q=38.655,-27.07527778",https://pt.wikipedia.org/wiki/Forte_do_Pesqueiro_dos_Meninos_(Vila_de_S%C3%A3o_Sebasti%C3%A3o)
Forte do Terreiro,38.65416667,-27.27944444,"https://www.google.com/maps?q=38.65416667,-27.27944444",https://pt.wikipedia.org/wiki/Forte_do_Terreiro
Forte dos Coelhos (Vila de São Sebastião),38.64416667,-27.1075,"https://www.google.com/maps?q=38.64416667,-27.1075",https://pt.wikipedia.org/wiki/Forte_dos_Coelhos_(Vila_de_S%C3%A3o_Sebasti%C3%A3o)
Reduto da Salga,38.64555556,-27.09444444,"https://www.google.com/maps?q=38.64555556,-27.09444444",https://pt.wikipedia.org/wiki/Reduto_da_Salga
Reduto dos Dois Paus,38.648518,-27.220453,"https://www.google.com/maps?q=38.648518,-27.220453",https://pt.wikipedia.org/wiki/Reduto_dos_Dois_Paus
Forte da Prainha,36.95116667,-25.1085,"https://www.google.com/maps?q=36.95116667,-25.1085",https://pt.wikipedia.org/wiki/Forte_da_Prainha
Forte de São João Baptista da Praia Formosa,36.9516,-25.1013,"https://www.google.com/maps?q=36.9516,-25.1013",https://pt.wikipedia.org/wiki/Forte_de_S%C3%A3o_Jo%C3%A3o_Baptista_da_Praia_Formosa
Forte de São Brás de Vila do Porto,36.9463,-25.14671667,"https://www.google.com/maps?q=36.9463,-25.14671667",https://pt.wikipedia.org/wiki/Forte_de_S%C3%A3o_Br%C3%A1s_de_Vila_do_Porto
Forte do Cabrestante,36.997891,-25.176341,"https://www.google.com/maps?q=36.997891,-25.176341",https://pt.wikipedia.org/wiki/Forte_do_Cabrestante
Forte de Nossa Senhora da Conceição,38.700837,-9.413432,"https://www.google.com/maps?q=38.700837,-9.413432",https://pt.wikipedia.org/wiki/Forte_de_Nossa_Senhora_da_Concei%C3%A7%C3%A3o
Castelo Branco (Vila Franca do Campo),37.754325,-25.355447,"https://www.google.com/maps?q=37.754325,-25.355447",https://pt.wikipedia.org/wiki/Castelo_Branco_(Vila_Franca_do_Campo)
Forte de São Francisco Xavier de Rosto de Cão,37.75,-25.65,"https://www.google.com/maps?q=37.75,-25.65",https://pt.wikipedia.org/wiki/Forte_de_S%C3%A3o_Francisco_Xavier_de_Rosto_de_C%C3%A3o
Forte de São Caetano do Pópulo,37.75,-25.65,"https://www.google.com/maps?q=37.75,-25.65",https://pt.wikipedia.org/wiki/Forte_de_S%C3%A3o_Caetano_do_P%C3%B3pulo
Reduto do Ilhéu de Vila Franca,37.705555555556,-25.444444444444,"https://www.google.com/maps?q=37.705555555556,-25.444444444444",https://pt.wikipedia.org/wiki/Reduto_do_Ilh%C3%A9u_de_Vila_Franca
Fortaleza de Nossa Senhora da Conceição do Ilhéu,32.64112,-16.91525,"https://www.google.com/maps?q=32.64112,-16.91525",https://pt.wikipedia.org/wiki/Fortaleza_de_Nossa_Senhora_da_Concei%C3%A7%C3%A3o_do_Ilh%C3%A9u
Fortaleza de São Tiago do Funchal,32.646711,-16.898558,"https://www.google.com/maps?q=32.646711,-16.898558",https://pt.wikipedia.org/wiki/Fortaleza_de_S%C3%A3o_Tiago_do_Funchal
Reduto da Alfândega do Funchal,32.647433,-16.908194,"https://www.google.com/maps?q=32.647433,-16.908194",https://pt.wikipedia.org/wiki/Reduto_da_Alf%C3%A2ndega_do_Funchal
Albarquel,38.51111667,-8.91325,"https://www.google.com/maps?q=38.51111667,-8.91325",https://pt.wikipedia.org/wiki/Forte_de_Albarquel
Almeida,40.72585,-6.90583333,"https://www.google.com/maps?q=40.72585,-6.90583333",https://pt.wikipedia.org/wiki/Pra%C3%A7a-forte_de_Almeida
S. João Arade,37.11959722,-8.52255833,"https://www.google.com/maps?q=37.11959722,-8.52255833",https://pt.wikipedia.org/wiki/Forte_de_S%C3%A3o_Jo%C3%A3o_do_Arade
Sto. António Pedra da Galé,37.1017,-8.35633333,"https://www.google.com/maps?q=37.1017,-8.35633333",https://pt.wikipedia.org/wiki/Fortaleza_de_Arma%C3%A7%C3%A3o_de_P%C3%AAra
Água Doce,38.72825,-9.476167,"https://www.google.com/maps?q=38.72825,-9.476167",https://pt.wikipedia.org/wiki/Bateria_Alta
Ameixoeira,38.786497,-9.152016,"https://www.google.com/maps?q=38.786497,-9.152016",https://pt.wikipedia.org/wiki/Forte_da_Ameixoeira
Arrábida,38.4738,-8.9829,"https://www.google.com/maps?q=38.4738,-8.9829",https://pt.wikipedia.org/wiki/Forte_de_Santa_Maria_da_Arr%C3%A1bida
Sto. Amaro Areeiro,38.681273,-9.314903,"https://www.google.com/maps?q=38.681273,-9.314903",https://pt.wikipedia.org/wiki/Forte_de_Santo_Amaro_do_Areeiro
S. Domingos Baralha,38.413222222222224,-9.190222222222221,"https://www.google.com/maps?q=38.413222222222224,-9.190222222222221",https://pt.wikipedia.org/wiki/Forte_de_S%C3%A3o_Domingos_da_Baralha
Barra Aveiro,40.64525556,-8.73284722,"https://www.google.com/maps?q=40.64525556,-8.73284722",https://pt.wikipedia.org/wiki/Forte_da_Barra_de_Aveiro
Alto do Duque,38.703777777778,-9.2221388888889,"https://www.google.com/maps?q=38.703777777778,-9.2221388888889",https://pt.wikipedia.org/wiki/Forte_do_Alto_do_Duque
Belixe,37.02733333,-8.98248333,"https://www.google.com/maps?q=37.02733333,-8.98248333",https://pt.wikipedia.org/wiki/Fortaleza_de_Belixe
Belém,38.691388888889,-9.2158333333333,"https://www.google.com/maps?q=38.691388888889,-9.2158333333333",https://pt.wikipedia.org/wiki/Torre_de_Bel%C3%A9m
Cacela,37.157175,-7.545631,"https://www.google.com/maps?q=37.157175,-7.545631",https://pt.wikipedia.org/wiki/Fortaleza_de_Cacela
Cão,41.797679,-8.873923,"https://www.google.com/maps?q=41.797679,-8.873923",https://pt.wikipedia.org/wiki/Forte_do_C%C3%A3o
Srª Conceição Cascais,38.700837,-9.413432,"https://www.google.com/maps?q=38.700837,-9.413432",https://pt.wikipedia.org/wiki/Forte_de_Nossa_Senhora_da_Concei%C3%A7%C3%A3o
Srª Mercês Catalazete,38.677929,-9.317561,"https://www.google.com/maps?q=38.677929,-9.317561",https://pt.wikipedia.org/wiki/Forte_de_Nossa_Senhora_das_Merc%C3%AAs_de_Catalazete
D. Luís Caxias,38.704508,-9.267214,"https://www.google.com/maps?q=38.704508,-9.267214",https://pt.wikipedia.org/wiki/Forte_de_D._Lu%C3%ADs_I
Crismina,38.72277778,-9.47833333,"https://www.google.com/maps?q=38.72277778,-9.47833333",https://pt.wikipedia.org/wiki/Forte_de_Crismina
Ericeira,38.983729,-9.420555,"https://www.google.com/maps?q=38.983729,-9.420555",https://pt.wikipedia.org/wiki/Forte_do_Milreu
Srª da Graça,38.894609,-7.164223,"https://www.google.com/maps?q=38.894609,-7.164223",https://pt.wikipedia.org/wiki/Forte_de_Nossa_Senhora_da_Gra%C3%A7a
S. João Esposende,41.54305556,-8.79027778,"https://www.google.com/maps?q=41.54305556,-8.79027778",https://pt.wikipedia.org/wiki/Forte_de_S%C3%A3o_Jo%C3%A3o_Baptista_de_Esposende
Ínsua,41.85916667,-8.87472222,"https://www.google.com/maps?q=41.85916667,-8.87472222",https://pt.wikipedia.org/wiki/Forte_da_%C3%8Dnsua
Juromenha,38.738175,-7.239841,"https://www.google.com/maps?q=38.738175,-7.239841",https://pt.wikipedia.org/wiki/Fortaleza_de_Juromenha
S. João Maias,38.68527778,-9.30444444,"https://www.google.com/maps?q=38.68527778,-9.30444444",https://pt.wikipedia.org/wiki/Forte_de_S%C3%A3o_Jo%C3%A3o_das_Maias
Lagos,37.099017,-8.6683,"https://www.google.com/maps?q=37.099017,-8.6683",https://pt.wikipedia.org/wiki/Forte_da_Ponta_da_Bandeira
Meia Praia,37.11744167,-8.6474,"https://www.google.com/maps?q=37.11744167,-8.6474",https://pt.wikipedia.org/wiki/Forte_da_Meia_Praia
Novo,38.690618,-9.429739,"https://www.google.com/maps?q=38.690618,-9.429739",https://pt.wikipedia.org/wiki/Forte_Novo
Nossa Senhora da Guia,38.695258,-9.45238,"https://www.google.com/maps?q=38.695258,-9.45238",https://pt.wikipedia.org/wiki/Forte_de_Nossa_Senhora_da_Guia
Nossa Senhora das Salvas,37.951338,-8.876336,"https://www.google.com/maps?q=37.951338,-8.876336",https://pt.wikipedia.org/wiki/Forte_de_Nossa_Senhora_das_Salvas
Nossa Senhora da Rocha,37.09565278,-8.38618333,"https://www.google.com/maps?q=37.09565278,-8.38618333",https://pt.wikipedia.org/wiki/Forte_de_Nossa_Senhora_da_Rocha
Olivença,38.68933814109896,-7.098376233873304,"https://www.google.com/maps?q=38.68933814109896,-7.098376233873304",https://pt.wikipedia.org/wiki/Pra%C3%A7a-forte_de_Oliven%C3%A7a
Pessegueiro,37.828403888888886,-8.790983055555555,"https://www.google.com/maps?q=37.828403888888886,-8.790983055555555",https://pt.wikipedia.org/wiki/Forte_do_Pessegueiro
Sacavém,38.79583333,-9.1015,"https://www.google.com/maps?q=38.79583333,-9.1015",https://pt.wikipedia.org/wiki/Forte_de_Sacav%C3%A9m
Santa Catarina,40.148035,-8.866312,"https://www.google.com/maps?q=40.148035,-8.866312",https://pt.wikipedia.org/wiki/Forte_de_Santa_Catarina
Porto Salvo,38.697392,-9.282547,"https://www.google.com/maps?q=38.697392,-9.282547",https://pt.wikipedia.org/wiki/Forte_de_Nossa_Senhora_de_Porto_Salvo
Sagres,37.000853,-8.948395,"https://www.google.com/maps?q=37.000853,-8.948395",https://pt.wikipedia.org/wiki/Fortaleza_de_Sagres
Santa Luzia,38.873,-7.1584861111111,"https://www.google.com/maps?q=38.873,-7.1584861111111",https://pt.wikipedia.org/wiki/Forte_de_Santa_Luzia
Santa Marta,38.69041667,-9.42102778,"https://www.google.com/maps?q=38.69041667,-9.42102778",https://pt.wikipedia.org/wiki/Forte_de_Santa_Marta
Santo António da Barra,38.698422,-9.384041,"https://www.google.com/maps?q=38.698422,-9.384041",https://pt.wikipedia.org/wiki/Forte_de_Santo_Ant%C3%B3nio_da_Barra
Santiago do Outão,38.4884872436523,-8.93508529663086,"https://www.google.com/maps?q=38.4884872436523,-8.93508529663086",https://pt.wikipedia.org/wiki/Forte_de_Santiago_do_Out%C3%A3o
Setúbal,38.517715,-8.909221,"https://www.google.com/maps?q=38.517715,-8.909221",https://pt.wikipedia.org/wiki/Forte_de_S%C3%A3o_Filipe_(Set%C3%BAbal)
Valença,42.032545,-8.645144,"https://www.google.com/maps?q=42.032545,-8.645144",https://pt.wikipedia.org/wiki/Pra%C3%A7a-forte_de_Valen%C3%A7a
São Vicente,37.02305556,-8.99611111,"https://www.google.com/maps?q=37.02305556,-8.99611111",https://pt.wikipedia.org/wiki/Fortaleza_de_S%C3%A3o_Vicente
São Teodósio,38.70211667,-9.39118333,"https://www.google.com/maps?q=38.70211667,-9.39118333",https://pt.wikipedia.org/wiki/Forte_de_S%C3%A3o_Teod%C3%B3sio_da_Cadaveira
São Pedro,38.702247,-9.393283,"https://www.google.com/maps?q=38.702247,-9.393283",https://pt.wikipedia.org/wiki/Forte_de_S%C3%A3o_Pedro_(Estoril)
Srª da Assunção Vila do Conde,41.34176389,-8.75183611,"https://www.google.com/maps?q=41.34176389,-8.75183611",https://pt.wikipedia.org/wiki/Forte_de_Nossa_Senhora_da_Assun%C3%A7%C3%A3o
Zambujal,38.949413,-9.389486,"https://www.google.com/maps?q=38.949413,-9.389486",https://pt.wikipedia.org/wiki/Forte_do_Zambujal
Biscoitinho,38.65341944,-27.27458056,"https://www.google.com/maps?q=38.65341944,-27.27458056",https://pt.wikipedia.org/wiki/Forte_de_S%C3%A3o_Jo%C3%A3o_(S%C3%A3o_Mateus_da_Calheta)
Biscoitos,38.80027778,-27.26194444,"https://www.google.com/maps?q=38.80027778,-27.26194444",https://pt.wikipedia.org/wiki/Forte_de_S%C3%A3o_Pedro_(Biscoitos)
Espírito Santo,38.73111111,-27.05055556,"https://www.google.com/maps?q=38.73111111,-27.05055556",https://pt.wikipedia.org/wiki/Forte_do_Esp%C3%ADrito_Santo
Caninas,38.64277778,-27.08305556,"https://www.google.com/maps?q=38.64277778,-27.08305556",https://pt.wikipedia.org/wiki/Forte_das_Caninas_(Vila_de_S%C3%A3o_Sebasti%C3%A3o)
Cinco Ribeiras,38.67555556,-27.32888889,"https://www.google.com/maps?q=38.67555556,-27.32888889",https://pt.wikipedia.org/wiki/Forte_das_Cinco_Ribeiras
Chagas,38.73194444,-27.05666667,"https://www.google.com/maps?q=38.73194444,-27.05666667",https://pt.wikipedia.org/wiki/Forte_das_Chagas_(Praia_da_Vit%C3%B3ria)
Cavalas,38.64444444,-27.09305556,"https://www.google.com/maps?q=38.64444444,-27.09305556",https://pt.wikipedia.org/wiki/Forte_das_Cavalas_(Vila_de_S%C3%A3o_Sebasti%C3%A3o)
Greta de São Sebastião,38.64361111,-27.07722222,"https://www.google.com/maps?q=38.64361111,-27.07722222",https://pt.wikipedia.org/wiki/Forte_da_Greta_(Vila_de_S%C3%A3o_Sebasti%C3%A3o)
Igreja,38.655,-27.27222222,"https://www.google.com/maps?q=38.655,-27.27222222",https://pt.wikipedia.org/wiki/Forte_da_Igreja_(S%C3%A3o_Mateus_da_Calheta)
Greta,38.51968333,-28.62013333,"https://www.google.com/maps?q=38.51968333,-28.62013333",https://pt.wikipedia.org/wiki/Forte_de_Nossa_Senhora_da_Guia_da_Horta
Luz,38.73194444,-27.05666667,"https://www.google.com/maps?q=38.73194444,-27.05666667",https://pt.wikipedia.org/wiki/Forte_de_Nossa_Senhora_da_Luz_de_Praia_da_Vit%C3%B3ria
Má Ferramenta,38.65638889,-27.26611111,"https://www.google.com/maps?q=38.65638889,-27.26611111",https://pt.wikipedia.org/wiki/Forte_da_M%C3%A1_Ferramenta
Maré,38.7314,-27.0503,"https://www.google.com/maps?q=38.7314,-27.0503",https://pt.wikipedia.org/wiki/Forte_da_Mar%C3%A9
Moinhos,38.65923056,-27.21955,"https://www.google.com/maps?q=38.65923056,-27.21955",https://pt.wikipedia.org/wiki/Castelo_dos_Moinhos
Porto,38.73111111,-27.05333333,"https://www.google.com/maps?q=38.73111111,-27.05333333",https://pt.wikipedia.org/wiki/Forte_do_Porto_(Praia_da_Vit%C3%B3ria)
Reduto dos Dois Paus,38.648518,-27.220453,"https://www.google.com/maps?q=38.648518,-27.220453",https://pt.wikipedia.org/wiki/Reduto_dos_Dois_Paus
Nossa Senhora da Nazaré,38.685,-27.05611111,"https://www.google.com/maps?q=38.685,-27.05611111",https://pt.wikipedia.org/wiki/Forte_de_Nossa_Senhora_da_Nazar%C3%A9_(Porto_Martins)
Reduto dos Três Paus,38.646636,-27.21873,"https://www.google.com/maps?q=38.646636,-27.21873",https://pt.wikipedia.org/wiki/Forte_de_S%C3%A3o_Benedito_do_Monte_Brasil
Reduto da Salga,38.64555556,-27.09444444,"https://www.google.com/maps?q=38.64555556,-27.09444444",https://pt.wikipedia.org/wiki/Reduto_da_Salga
Rua Longa,38.79944444,-27.24527778,"https://www.google.com/maps?q=38.79944444,-27.24527778",https://pt.wikipedia.org/wiki/Forte_da_Rua_Longa
Santa Catarina das Mós,38.64527778,-27.07944444,"https://www.google.com/maps?q=38.64527778,-27.07944444",https://pt.wikipedia.org/wiki/Forte_de_Santa_Catarina_das_M%C3%B3s
Santa Catarina,38.71027778,-27.05138889,"https://www.google.com/maps?q=38.71027778,-27.05138889",https://pt.wikipedia.org/wiki/Forte_de_Santa_Catarina_(Cabo_da_Praia)
Santo Antão,38.72194444,-27.06166667,"https://www.google.com/maps?q=38.72194444,-27.06166667",https://pt.wikipedia.org/wiki/Forte_de_Santo_Ant%C3%A3o_(Praia_da_Vit%C3%B3ria)
Salga,38.6475,-27.09611111,"https://www.google.com/maps?q=38.6475,-27.09611111",https://pt.wikipedia.org/wiki/Forte_da_Salga
Santo António,38.64694444,-27.12,"https://www.google.com/maps?q=38.64694444,-27.12",https://pt.wikipedia.org/wiki/Forte_de_Santo_Ant%C3%B3nio_(Porto_Judeu)
São Benedito do Monte Brasil,38.646636,-27.21873,"https://www.google.com/maps?q=38.646636,-27.21873",https://pt.wikipedia.org/wiki/Forte_de_S%C3%A3o_Benedito_do_Monte_Brasil
Santo António do Monte Brasil,38.64472222,-27.23352778,"https://www.google.com/maps?q=38.64472222,-27.23352778",https://pt.wikipedia.org/wiki/Forte_de_Santo_Ant%C3%B3nio_do_Monte_Brasil
São Bento,38.68611111,-27.05166667,"https://www.google.com/maps?q=38.68611111,-27.05166667",https://pt.wikipedia.org/wiki/Forte_de_S%C3%A3o_Bento_(Porto_Martins)
São Francisco,38.67166667,-27.07194444,"https://www.google.com/maps?q=38.67166667,-27.07194444",https://pt.wikipedia.org/wiki/Forte_de_S%C3%A3o_Francisco_(Angra_do_Hero%C3%ADsmo)
São Filipe,38.68527778,-27.05638889,"https://www.google.com/maps?q=38.68527778,-27.05638889",https://pt.wikipedia.org/wiki/Forte_de_S%C3%A3o_Filipe_(Porto_Martins)
Terreiro,38.65416667,-27.27944444,"https://www.google.com/maps?q=38.65416667,-27.27944444",https://pt.wikipedia.org/wiki/Forte_do_Terreiro
São Fernando,38.67583333,-27.06472222,"https://www.google.com/maps?q=38.67583333,-27.06472222",https://pt.wikipedia.org/wiki/Forte_de_S%C3%A3o_Fernando_(Vila_de_S%C3%A3o_Sebasti%C3%A3o)
Nossa Senhora da Conceição do Ilhéu (Fortaleza do Ilhéu),32.64112,-16.91525,"https://www.google.com/maps?q=32.64112,-16.91525",https://pt.wikipedia.org/wiki/Fortaleza_de_Nossa_Senhora_da_Concei%C3%A7%C3%A3o_do_Ilh%C3%A9u
São Tiago do Funchal,32.646711,-16.898558,"https://www.google.com/maps?q=32.646711,-16.898558",https://pt.wikipedia.org/wiki/Fortaleza_de_S%C3%A3o_Tiago_do_Funchal
Reduto da Alfândega do Funchal,32.647433,-16.908194,"https://www.google.com/maps?q=32.647433,-16.908194",https://pt.wikipedia.org/wiki/Reduto_da_Alf%C3%A2ndega_do_Funchal
